pmid,doi,pmcid,title,authors_first,authors_last,journal,journal_iso,year,month,volume,issue,pages,citation_count,influential_citations,source_api,is_preprint,is_retracted,themes,theme_primary,relevance_score,priority_tier,notes
22960745,10.1038/nature11404,PMC3466113,Comprehensive genomic characterization of squamous cell lung cancers.,,,Nature,Nature,2012,9,489,7417,519-25,3734,71,pubmed,False,False,theme_01,theme_01,1.0,A,
25079552,10.1038/nature13385,PMC4231481,Comprehensive molecular profiling of lung adenocarcinoma.,,,Nature,Nature,2014,7,511,7511,543-50,5053,95,pubmed,False,False,theme_01,theme_01,1.0,A,
26168399,10.1038/nature14664,PMC4861069,Comprehensive genomic profiles of small cell lung cancer.,George,Thomas,Nature,Nature,2015,8,524,7563,47-53,1990,164,pubmed,False,False,theme_01; theme_03,theme_01,1.0,A,
30926931,10.1038/s41568-019-0133-9,PMC6538259,Molecular subtypes of small cell lung cancer: a synthesis of human and mouse model data.,Rudin,Gazdar,Nature reviews. Cancer,Nat Rev Cancer,2019,5,19,5,289-297,0,0,pubmed,False,False,theme_01,theme_01,1.0,A,
31406302,10.1038/s41568-019-0179-8,PMC7043073,Co-occurring genomic alterations in non-small-cell lung cancer biology and therapy.,Skoulidis,Heymach,Nature reviews. Cancer,Nat Rev Cancer,2019,9,19,9,495-509,784,35,pubmed,False,False,theme_01,theme_01,1.0,A,
32649874,10.1016/j.cell.2020.06.013,PMC7373300,Proteogenomic Characterization Reveals Therapeutic Vulnerabilities in Lung Adenocarcinoma.,Gillette,,Cell,Cell,2020,7,182,1,200-225.e35,621,38,pubmed,False,False,theme_01; theme_03; theme_06; theme_08,theme_01,1.0,A,
32649875,10.1016/j.cell.2020.06.012,,Proteogenomics of Non-smoking Lung Cancer in East Asia Delineates Molecular Signatures of Pathogenesis and Progression.,Chen,Chen,Cell,Cell,2020,7,182,1,226-244.e17,296,15,pubmed,False,False,theme_01; theme_03; theme_05; theme_06; theme_11,theme_01,1.0,A,
32649877,10.1016/j.cell.2020.05.043,,Integrative Proteomic Characterization of Human Lung Adenocarcinoma.,Xu,Tan,Cell,Cell,2020,7,182,1,245-261.e17,471,20,pubmed,False,False,theme_01; theme_03,theme_01,1.0,A,
33011388,10.1016/j.jtho.2020.09.009,PMC8362797,"SCLC Subtypes Defined by ASCL1, NEUROD1, POU2F3, and YAP1: A Comprehensive Immunohistochemical and Histopathologic Characterization.",Baine,Rekhtman,Journal of thoracic oncology : official publication of the International Association for the Study of Lung Cancer,J Thorac Oncol,2020,12,15,12,1823-1835,341,19,pubmed,False,False,theme_01,theme_01,1.0,A,
38181741,10.1016/j.cell.2023.12.004,,Proteogenomic characterization of small cell lung cancer identifies biological insights and subtype-specific therapeutic strategies.,Liu,Zhang,Cell,Cell,2024,1,187,1,184-203.e28,157,5,pubmed,False,False,theme_01; theme_03,theme_01,1.0,A,
30224757,10.1038/s41591-018-0177-5,PMC9847512,Classification and mutation prediction from non-small cell lung cancer histopathology images using deep learning.,Coudray,Tsirigos,Nature medicine,Nat Med,2018,10,24,10,1559-1567,2407,116,pubmed,False,False,theme_01; theme_04,theme_04,1.0,A,
34493867,10.1038/s41588-021-00920-0,PMC8432745,Genomic and evolutionary classification of lung cancer in never smokers.,Zhang,Landi,Nature genetics,Nat Genet,2021,9,53,9,1348-1359,181,11,pubmed,False,False,theme_01; theme_03; theme_06; theme_07,theme_06,1.0,A,
37046093,10.1038/s41586-023-05706-4,PMC10115639,Genomic-transcriptomic evolution in lung cancer and metastasis.,Martínez-Ruiz,McGranahan,Nature,Nature,2023,4,616,7957,543-552,166,4,pubmed,False,False,theme_01; theme_03; theme_07,theme_07,1.0,A,
32015526,10.1038/s41588-019-0569-6,,Genomic landscape of lung adenocarcinoma in East Asians.,Chen,Zhai,Nature genetics,Nat Genet,2020,2,52,2,177-186,3,0,pubmed,False,False,theme_01; theme_03; theme_12,theme_12,1.0,A,
25765070,10.1126/science.aaa1348,PMC4993154,Cancer immunology. Mutational landscape determines sensitivity to PD-1 blockade in non-small cell lung cancer.,Rizvi,Chan,"Science (New York, N.Y.)",Science,2015,4,348,6230,124-8,6521,110,pubmed,False,False,theme_01; theme_06; theme_09,theme_09,1.0,A,
19759197,10.1093/bioinformatics/btp543,PMC2800366,Integrative clustering of multiple genomic data types using a joint latent variable model with application to breast and lung cancer subtype analysis.,Shen,Ladanyi,"Bioinformatics (Oxford, England)",Bioinformatics,2009,11,25,22,2906-12,795,29,pubmed,False,False,theme_02,theme_02,1.0,A,
24464287,10.1038/nmeth.2810,,Similarity network fusion for aggregating data types on a genomic scale.,Wang,Goldenberg,Nature methods,Nat Methods,2014,3,11,3,333-7,1743,256,pubmed,False,False,theme_02,theme_02,1.0,A,
28369062,10.1371/journal.pone.0174718,PMC5378365,T cell subtypes and reciprocal inflammatory mediator expression differentiate P. falciparum memory recall responses in asymptomatic and symptomatic malaria patients in southeastern Haiti.,Lehmann,Cannella,PloS one,PLoS One,2017,0,12,4,e0174718,6,1,pubmed,False,False,theme_02,theme_02,1.0,A,
30590492,10.1093/ehjci/jey213,,A mechanical prosthesis in a porcelain box.,González-Pacheco,Montañez-Orozco,European heart journal. Cardiovascular Imaging,Eur Heart J Cardiovasc Imaging,2019,4,20,4,484,0,0,pubmed,False,False,theme_02,theme_02,1.0,A,
32185779,10.14744/tjtes.2020.94490,,Is electromagnetic guidance system superior to a free-hand technique for distal locking in intramedullary nailing of tibial fractures? A prospective comparative study.,Aslan,Sargın,Ulusal travma ve acil cerrahi dergisi = Turkish journal of trauma & emergency surgery : TJTES,Ulus Travma Acil Cerrahi Derg,2020,3,26,2,280-286,6,0,pubmed,False,False,theme_02,theme_02,1.0,A,
32393329,10.1186/s13059-020-02015-1,PMC7212577,MOFA+: a statistical framework for comprehensive integration of multi-modal single-cell data.,Argelaguet,Stegle,Genome biology,Genome Biol,2020,5,21,1,111,736,63,pubmed,False,False,theme_02,theme_02,1.0,A,
35512792,10.1097/CM9.0000000000002147,PMC9521750,Obesity and chronic diarrhea: a new syndrome?,Linghu,Linghu,Chinese medical journal,Chin Med J (Engl),2022,8,135,15,1806-1807,7,0,pubmed,False,False,theme_04,theme_04,1.0,A,
35944502,10.1016/j.ccell.2022.07.004,PMC10397370,Pan-cancer integrative histology-genomic analysis via multimodal deep learning.,Chen,Mahmood,Cancer cell,Cancer Cell,2022,8,40,8,865-878.e6,500,50,pubmed,False,False,theme_04,theme_04,1.0,A,
36108632,10.1016/j.molcel.2022.08.021,PMC9547965,Tissue-specific Grb10/Ddc insulator drives allelic architecture for cardiac development.,Juan,Bartolomei,Molecular cell,Mol Cell,2022,10,82,19,3613-3631.e7,22,0,pubmed,False,False,theme_04,theme_04,1.0,A,
39030412,10.1186/s42155-024-00470-6,PMC11264646,Transcatheter embolization for duodenal ulcer bleeding originating from cystic artery erosion.,Hu,Luo,CVIR endovascular,CVIR Endovasc,2024,7,7,1,56,0,0,pubmed,False,False,theme_04,theme_04,1.0,A,
39294368,10.1038/s41592-024-02412-5,PMC11541204,A polarized FGF8 source specifies frontotemporal signatures in spatially oriented cell populations of cortical assembloids.,Bosone,Knoblich,Nature methods,Nat Methods,2024,11,21,11,2147-2159,17,1,pubmed,False,False,theme_04,theme_04,1.0,A,
29778737,10.1016/S1470-2045(18)30261-4,,Cancer immunotherapy efficacy and patients' sex: a systematic review and meta-analysis.,Conforti,Goldhirsch,The Lancet. Oncology,Lancet Oncol,2018,6,19,6,737-746,747,30,pubmed,False,False,theme_05; theme_10,theme_05,1.0,A,
32350439,10.1038/s41565-020-0698-1,,Publisher Correction: Optomechanical detection of vibration modes of a single bacterium.,Gil-Santos,Tamayo,Nature nanotechnology,Nat Nanotechnol,2020,8,15,8,724,2,0,pubmed,False,False,theme_05,theme_05,1.0,A,
17667967,10.1038/sj.ejhg.5201904,,"Clinical and molecular genetics of patients with the Carney-Stratakis syndrome and germline mutations of the genes coding for the succinate dehydrogenase subunits SDHB, SDHC, and SDHD.",Pasini,Stratakis,European journal of human genetics : EJHG,Eur J Hum Genet,2008,1,16,1,79-88,470,17,pubmed,False,False,theme_06,theme_06,1.0,A,
23900102,10.1053/j.gastro.2013.05.055,,Asymptomatic multiple gastric and duodenal tumors. Sporadic gastric hamartomatous polyps with gastroduodenal intussusception and adenocarcinoma transformation.,Chen,Chen,Gastroenterology,Gastroenterology,2013,9,145,3,e7-8,4,0,pubmed,False,False,theme_07,theme_07,1.0,A,
28052254,10.1016/j.celrep.2016.12.019,,Pan-cancer Immunogenomic Analyses Reveal Genotype-Immunophenotype Relationships and Predictors of Response to Checkpoint Blockade.,Charoentong,Trajanoski,Cell reports,Cell Rep,2017,1,18,1,248-262,0,0,pubmed,False,False,theme_09,theme_09,1.0,A,
29628290,10.1016/j.immuni.2018.03.023,PMC5982584,The Immune Landscape of Cancer.,Thorsson,Shmulevich,Immunity,Immunity,2018,4,48,4,812-830.e14,4561,238,pubmed,False,False,theme_09,theme_09,1.0,A,
33479125,10.1126/science.aba6500,PMC7611557,Developmental cell programs are co-opted in inflammatory skin disease.,Reynolds,Haniffa,"Science (New York, N.Y.)",Science,2021,1,371,6527,,408,21,pubmed,False,False,theme_09,theme_09,1.0,A,
34019806,10.1016/j.ccell.2021.04.014,,Conserved pan-cancer microenvironment subtypes predict response to immunotherapy.,Bagaev,Fowler,Cancer cell,Cancer Cell,2021,6,39,6,845-865.e7,947,54,pubmed,False,False,theme_09,theme_09,1.0,A,
29988129,10.1038/s41591-018-0096-5,,Phenotype molding of stromal cells in the lung tumor microenvironment.,Lambrechts,Thienpont,Nature medicine,Nat Med,2018,8,24,8,1277-1289,1355,94,pubmed,False,False,theme_12,theme_12,1.0,A,
36806787,10.1038/s41571-023-00733-6,PMC10413877,Rare molecular subtypes of lung cancer.,Harada,Drilon,Nature reviews. Clinical oncology,Nat Rev Clin Oncol,2023,4,20,4,229-249,0,0,pubmed,False,False,theme_01,theme_01,0.7500000000000001,A,
25963091,10.1038/nrclinonc.2015.90,,Refining the treatment of NSCLC according to histological and molecular subtypes.,Thomas,Giaccone,Nature reviews. Clinical oncology,Nat Rev Clin Oncol,2015,9,12,9,511-26,0,0,pubmed,False,False,theme_01,theme_01,0.72,A,
40437272,10.1038/s41591-025-03732-5,PMC12353874,Molecular determinants of sotorasib clinical efficacy in KRASG12C-mutated non-small-cell lung cancer.,Skoulidis,Schuler,Nature medicine,Nat Med,2025,8,31,8,2755-2767,0,0,pubmed,False,False,theme_01; theme_10,theme_01,0.72,A,
37127787,10.1038/s43018-023-00548-5,PMC10212769,"The immunopeptidome landscape associated with T cell infiltration, inflammation and immune editing in lung cancer.",Kraemer,Bassani-Sternberg,Nature cancer,Nat Cancer,2023,5,4,5,608-628,0,0,pubmed,False,False,theme_01; theme_09,theme_09,0.72,A,
39232164,10.1038/s41586-024-07894-z,PMC12186853,A pathology foundation model for cancer diagnosis and prognosis prediction.,Wang,Yu,Nature,Nature,2024,10,634,8035,970-978,0,0,pubmed,False,False,theme_04,theme_04,0.72,A,
40064883,10.1038/s41467-025-57587-y,PMC11894166,A foundation model for generalizable cancer diagnosis and survival prediction from histopathological images.,Yang,Yu,Nature communications,Nat Commun,2025,3,16,1,2366,0,0,pubmed,False,False,theme_04,theme_04,0.72,A,
41114991,10.1001/jama.2025.17695,PMC7618360,Lung Cancer in Nonsmoking Individuals: A Review.,Murphy,Solomon,JAMA,JAMA,2025,11,334,20,1836-1845,5,0,pubmed,False,False,theme_01; theme_06; theme_07,theme_06,0.7089075625191823,A,
40748323,10.1093/bib/bbaf355,PMC12315550,A technical review of multi-omics data integration methods: from classical statistical to deep generative approaches.,Baião,Gonçalves,Briefings in bioinformatics,Brief Bioinform,2025,7,26,4,,26,0,pubmed,False,False,theme_02; theme_03; theme_04,theme_02,0.7015681882079495,A,
36720863,10.1038/s41467-023-35832-6,PMC9889778,Single-cell analysis reveals prognostic fibroblast subpopulations linked to molecular and immunological subtypes of lung cancer.,Hanley,Thomas,Nature communications,Nat Commun,2023,1,14,1,387,0,0,pubmed,False,False,theme_01; theme_03,theme_01,0.7000000000000001,A,
39580524,10.1038/s41467-024-54434-4,PMC11585665,"Proteogenomic analysis reveals non-small cell lung cancer subtypes predicting chromosome instability, and tumor microenvironment.",Song,Kim,Nature communications,Nat Commun,2024,11,15,1,10164,0,0,pubmed,False,False,theme_01; theme_03,theme_01,0.7000000000000001,A,
36732634,10.1038/s43018-022-00510-x,PMC9970878,Integrative multi-omics networks identify PKCδ and DNA-PK as master kinases of glioblastoma subtypes and guide targeted cancer therapy.,Migliozzi,Iavarone,Nature cancer,Nat Cancer,2023,2,4,2,181-202,0,0,pubmed,False,False,theme_01; theme_02; theme_03; theme_04; theme_12,theme_03,0.7000000000000001,A,
36631610,10.1038/s41586-022-05593-1,PMC9876799,γδ T cells are effectors of immunotherapy in cancers with HLA class I defects.,de Vries,Voest,Nature,Nature,2023,1,613,7945,743-750,0,0,pubmed,False,False,theme_09,theme_09,0.7000000000000001,A,
37774698,10.1016/j.ccell.2023.09.006,PMC10693909,Loss of p53 and mutational heterogeneity drives immune resistance in an autochthonous mouse lung cancer model with high tumor mutational burden.,Zhu,Akbay,Cancer cell,Cancer Cell,2023,10,41,10,1731-1748.e8,0,0,pubmed,False,False,theme_09,theme_09,0.7000000000000001,A,
39613742,10.1038/s41467-024-54650-y,PMC11607313,A dendritic cell vaccine for both vaccination and neoantigen-reactive T cell preparation for cancer immunotherapy in mice.,Li,Ding,Nature communications,Nat Commun,2024,11,15,1,10419,0,0,pubmed,False,False,theme_09,theme_09,0.7000000000000001,A,
41339316,10.1038/s41467-025-66803-8,PMC12775477,Non-small cell lung cancer molecular subtypes and vulnerability to immunotherapy treatment combinations.,Lu,Nabet,Nature communications,Nat Commun,2025,12,17,1,122,1,0,pubmed,False,False,theme_01; theme_04; theme_10,theme_01,0.6950514997831991,B,
38607364,10.1158/0008-5472.CAN-23-1551,,Proteogenomic Characterization Reveals Estrogen Signaling as a Target for Never-Smoker Lung Adenocarcinoma Patients without EGFR or ALK Alterations.,Park,Lee,Cancer research,Cancer Res,2024,5,84,9,1491-1503,0,0,pubmed,False,False,theme_01; theme_03; theme_05; theme_06,theme_01,0.68,B,
41535280,10.1038/s41467-026-68424-1,PMC12913772,"EGFR inhibitor-resistant lung cancers exhibit collateral sensitivity to a covalent, cysteine-independent KEAP1 oligomerizing molecular bridge.",Bassil,Wood,Nature communications,Nat Commun,2026,1,17,1,1726,0,0,pubmed,False,False,theme_01,theme_01,0.68,B,
39322753,10.1038/s41592-024-02429-w,,Benchmarking algorithms for single-cell multi-omics prediction and integration.,Hu,Qu,Nature methods,Nat Methods,2024,11,21,11,2182-2194,0,0,pubmed,False,False,theme_02,theme_02,0.68,B,
40940333,10.1038/s41467-025-63688-5,PMC12432156,Flexynesis: A deep learning toolkit for bulk multi-omics data integration for precision oncology and beyond.,Uyar,Akalin,Nature communications,Nat Commun,2025,9,16,1,8261,0,0,pubmed,False,False,theme_02; theme_04,theme_02,0.68,B,
41083898,10.1038/s41592-025-02856-3,PMC12615258,Multitask benchmarking of single-cell multimodal omics integration methods.,Liu,Yang,Nature methods,Nat Methods,2025,11,22,11,2449-2460,0,0,pubmed,False,False,theme_02,theme_02,0.68,B,
36690875,10.1038/s43018-022-00506-7,PMC9970875,Fucosylation of HLA-DRB1 regulates CD4+ T cell-mediated anti-melanoma immunity and enhances immunotherapy efficacy.,Lester,Lau,Nature cancer,Nat Cancer,2023,2,4,2,222-239,0,0,pubmed,False,False,theme_09,theme_09,0.68,B,
37738976,10.1016/j.ccell.2023.08.014,,Sensitizing cancer cells to immune checkpoint inhibitors by microbiota-mediated upregulation of HLA class I.,Ferrari,Rescigno,Cancer cell,Cancer Cell,2023,10,41,10,1717-1730.e4,0,0,pubmed,False,False,theme_09,theme_09,0.68,B,
41398162,10.1038/s41467-025-67262-x,PMC12808239,PD-1/ PD-L1 bispecific antibody IBI318 combined with lenvatinib in advanced non-small cell lung cancer with acquired resistance to immune checkpoint inhibitors: a phase II trial.,Zeng,Zhang,Nature communications,Nat Commun,2025,12,17,1,567,0,0,pubmed,False,False,theme_09; theme_12,theme_09,0.68,B,
38965396,10.1038/s41571-024-00914-x,PMC11875021,Emerging advances in defining the molecular and therapeutic landscape of small-cell lung cancer.,Sen,Naqash,Nature reviews. Clinical oncology,Nat Rev Clin Oncol,2024,8,21,8,610-627,0,0,pubmed,False,False,theme_01; theme_12,theme_01,0.6700000000000002,B,
35708671,10.1001/jamaoncol.2022.1981,PMC9204620,Association of High Tumor Mutation Burden in Non-Small Cell Lung Cancers With Increased Immune Infiltration and Improved Clinical Outcomes of PD-L1 Blockade Across PD-L1 Expression Levels.,Ricciuti,Awad,JAMA oncology,JAMA Oncol,2022,8,8,8,1160-1168,0,0,pubmed,False,False,theme_01; theme_09,theme_09,0.6699999999999999,B,
31591589,10.1038/s41591-019-0583-3,,Deep learning-based classification of mesothelioma improves prediction of patient outcome.,Courtiol,Clozel,Nature medicine,Nat Med,2019,10,25,10,1519-1525,0,0,pubmed,False,False,theme_01; theme_04,theme_04,0.6699999999999999,B,
28604730,10.1038/ng.3892,PMC5510465,Large-scale association analysis identifies new lung cancer susceptibility loci and heterogeneity in genetic susceptibility across histological subtypes.,McKay,Amos,Nature genetics,Nat Genet,2017,7,49,7,1126-1132,0,0,pubmed,False,False,theme_01; theme_11,theme_01,0.66,B,
38788720,10.1016/j.ccell.2024.05.003,PMC11186085,Olfactory neuroblastoma mimics molecular heterogeneity and lineage trajectories of small-cell lung cancer.,Finlay,Oliver,Cancer cell,Cancer Cell,2024,6,42,6,1086-1105.e13,0,0,pubmed,False,False,theme_01,theme_01,0.66,B,
39753139,10.1016/j.ccell.2024.12.002,PMC11949768,Classification of non-TCGA cancer samples to TCGA molecular subtypes using compact feature sets.,Ellrott,Laird,Cancer cell,Cancer Cell,2025,2,43,2,195-212.e11,0,0,pubmed,False,False,theme_01; theme_04; theme_08,theme_01,0.66,B,
40890128,10.1038/s41467-025-62350-4,PMC12402321,High-fidelity Cas9-mediated targeting of KRAS driver mutations restrains lung cancer in preclinical models.,Álvarez-Pérez,Medina,Nature communications,Nat Commun,2025,9,16,1,7080,0,0,pubmed,False,False,theme_01; theme_10,theme_01,0.66,B,
40998804,10.1038/s41467-025-63465-4,PMC12462439,Oncogenic driver mutations underlie the spatial tumour immune landscape of non-small cell lung cancer.,Hartner,Walsh,Nature communications,Nat Commun,2025,9,16,1,8402,0,0,pubmed,False,False,theme_01; theme_12,theme_01,0.66,B,
41073787,10.1038/s41588-025-02351-7,PMC12513832,Spatial signatures for predicting immunotherapy outcomes using multi-omics in non-small cell lung cancer.,Aung,Rimm,Nature genetics,Nat Genet,2025,10,57,10,2482-2493,0,0,pubmed,False,False,theme_01; theme_02; theme_03; theme_09; theme_12,theme_03,0.66,B,
38782901,10.1038/s41467-024-48700-8,PMC11116453,Single-cell and spatial transcriptomics analysis of non-small cell lung cancer.,De Zuani,Cvejic,Nature communications,Nat Commun,2024,5,15,1,4388,0,0,pubmed,False,False,theme_01; theme_12,theme_12,0.66,B,
40341231,10.1038/s43018-025-00946-x,PMC12987398,Impaired T cell and neoantigen retention in time-serial analysis of metastatic non-small cell lung cancer in patients unresponsive to TIL cell therapy.,Wang,Creelan,Nature cancer,Nat Cancer,2025,5,6,5,801-819,0,0,pubmed,False,False,theme_01; theme_09,theme_09,0.66,B,
40645185,10.1016/j.ccell.2025.06.011,,KEAP1 and STK11/LKB1 alterations enhance vulnerability to ATR inhibition in KRAS mutant non-small cell lung cancer.,Galan-Cobo,Heymach,Cancer cell,Cancer Cell,2025,8,43,8,1530-1548.e9,0,0,pubmed,False,False,theme_08; theme_09; theme_11,theme_09,0.66,B,
36914893,10.1038/s41591-023-02234-6,PMC10121864,A non-antibiotic-disrupted gut microbiome is associated with clinical responses to CD19-CAR-T cell cancer immunotherapy.,Stein-Thoeringer,Elinav,Nature medicine,Nat Med,2023,4,29,4,906-916,0,0,pubmed,False,False,theme_09,theme_09,0.66,B,
40211072,10.1038/s41568-025-00803-0,,Challenges of small cell lung cancer heterogeneity and phenotypic plasticity.,Simpson,Dive,Nature reviews. Cancer,Nat Rev Cancer,2025,6,25,6,447-462,0,0,pubmed,False,False,theme_01,theme_01,0.6500000000000001,B,
41219394,10.1038/s41571-025-01085-z,,Navigating the landscape of EGFR TKI resistance in EGFR-mutant NSCLC - mechanisms and evolving treatment approaches.,Zhao,Xia,Nature reviews. Clinical oncology,Nat Rev Clin Oncol,2026,1,23,1,63-83,0,0,pubmed,False,False,theme_01; theme_10,theme_01,0.6500000000000001,B,
27283993,10.1038/ncomms11815,PMC4906406,Circulating tumour DNA profiling reveals heterogeneity of EGFR inhibitor resistance mechanisms in lung cancer patients.,Chabon,Diehn,Nature communications,Nat Commun,2016,6,7,,11815,0,0,pubmed,False,False,theme_01; theme_12,theme_01,0.65,B,
33824345,10.1038/s41467-021-22336-4,PMC8024350,Ferroptosis response segregates small cell lung cancer (SCLC) neuroendocrine subtypes.,Bebber,von Karstedt,Nature communications,Nat Commun,2021,4,12,1,2048,0,0,pubmed,False,False,theme_01; theme_12,theme_01,0.65,B,
34870237,10.1038/s43018-021-00259-9,PMC7612062,Proteogenomics of non-small cell lung cancer reveals molecular subtypes associated with specific therapeutic targets and immune evasion mechanisms.,Lehtiö,Orre,Nature cancer,Nat Cancer,2021,11,2,11,1224-1242,0,0,pubmed,False,False,theme_01; theme_03,theme_01,0.65,B,
34789716,10.1038/s41467-021-26821-8,PMC8599854,Cold and heterogeneous T cell repertoire is associated with copy number aberrations and loss of immune genes in small-cell lung cancer.,Chen,Zhang,Nature communications,Nat Commun,2021,11,12,1,6655,0,0,pubmed,False,False,theme_01; theme_09,theme_09,0.65,B,
36179682,10.1016/j.ccell.2022.08.022,PMC9559771,Ancestry-driven recalibration of tumor mutational burden and disparate clinical outcomes in response to immune checkpoint inhibitors.,Nassar,Gusev,Cancer cell,Cancer Cell,2022,10,40,10,1161-1172.e5,0,0,pubmed,False,False,theme_01; theme_09,theme_09,0.65,B,
31792509,10.1093/bib/bbz138,,Clustering and variable selection evaluation of 13 unsupervised methods for multi-omics data integration.,Pierre-Jean,Mauger,Briefings in bioinformatics,Brief Bioinform,2020,12,21,6,2011-2030,0,0,pubmed,False,False,theme_02,theme_02,0.65,B,
29107330,10.1016/j.cell.2017.10.001,PMC5720478,Allele-Specific HLA Loss and Immune Escape in Lung Cancer Evolution.,McGranahan,,Cell,Cell,2017,11,171,6,1259-1271.e11,0,0,pubmed,False,False,theme_09,theme_09,0.65,B,
39929832,10.1038/s41467-024-55068-2,PMC11811181,Multi-omics analyses reveal biological and clinical insights in recurrent stage I non-small cell lung cancer.,Wang,Li,Nature communications,Nat Commun,2025,2,16,1,1477,0,0,pubmed,False,False,theme_01; theme_02; theme_03; theme_08,theme_01,0.6400000000000001,B,
39385035,10.1038/s41586-024-07943-7,PMC11560846,CTLA4 blockade abrogates KEAP1/STK11-related resistance to PD-(L)1 inhibitors.,Skoulidis,Heymach,Nature,Nature,2024,11,635,8038,462-471,0,0,pubmed,False,False,theme_01; theme_09,theme_09,0.6400000000000001,B,
39724105,10.1001/jamaoncol.2024.5356,PMC11843371,Deep Learning Model for Predicting Immunotherapy Response in Advanced Non-Small Cell Lung Cancer.,Rakaee,Kwiatkowski,JAMA oncology,JAMA Oncol,2025,2,11,2,109-118,0,0,pubmed,False,False,theme_04; theme_09,theme_09,0.6400000000000001,B,
40097663,10.1038/s41591-025-03577-y,PMC12176615,Molecular residual disease analysis of adjuvant osimertinib in resected EGFR-mutated stage IB-IIIA non-small-cell lung cancer.,Herbst,Wu,Nature medicine,Nat Med,2025,6,31,6,1958-1968,0,0,pubmed,False,False,theme_01; theme_12,theme_01,0.64,B,
31526368,10.1186/s12943-019-1062-7,PMC6745797,Role of the dynamic tumor microenvironment in controversies regarding immune checkpoint inhibitors for the treatment of non-small cell lung cancer (NSCLC) with EGFR mutations.,Lin,Zhang,Molecular cancer,Mol Cancer,2019,9,18,1,139,0,0,pubmed,False,False,theme_01; theme_09,theme_09,0.64,B,
41481196,10.1158/0008-5472.CAN-25-2275,PMC12893192,Multicenter Histology Image Integration and Multiscale Deep Learning Support Machine Learning-Enabled Pediatric Sarcoma Classification.,Thiesen,Rubinstein,Cancer research,Cancer Res,2026,4,86,7,1797-1810,0,0,pubmed,False,False,theme_04,theme_04,0.64,B,
37651607,10.1093/bib/bbad313,PMC10516349,Multimodal deep learning approaches for single-cell multi-omics data integration.,Athaya,Hu,Briefings in bioinformatics,Brief Bioinform,2023,9,24,5,,0,0,pubmed,False,False,theme_02,theme_02,0.6300000000000001,B,
39481415,10.1016/S1470-2045(24)00315-2,PMC12007431,"Artificial Intelligence for Response Assessment in Neuro Oncology (AI-RANO), part 2: recommendations for standardisation, validation, and good clinical practice.",Bakas,,The Lancet. Oncology,Lancet Oncol,2024,11,25,11,e589-e601,0,0,pubmed,False,False,theme_04,theme_04,0.6300000000000001,B,
30626401,10.1186/s12943-019-0939-9,PMC6325778,Intratumor heterogeneity comparison among different subtypes of non-small-cell lung cancer through multi-region tissue and matched ctDNA sequencing.,Zhang,Zhang,Molecular cancer,Mol Cancer,2019,1,18,1,7,0,0,pubmed,False,False,theme_01,theme_01,0.63,B,
34145257,10.1038/s41467-021-24043-6,PMC8213753,Multi-omics profiling of primary small cell carcinoma of the esophagus reveals RB1 disruption and additional molecular subtypes.,Li,He,Nature communications,Nat Commun,2021,6,12,1,3785,0,0,pubmed,False,False,theme_01; theme_03,theme_01,0.63,B,
34750392,10.1038/s41467-021-26806-7,PMC8575965,Genomic signatures define three subtypes of EGFR-mutant stage II-III non-small-cell lung cancer with distinct adjuvant therapy outcomes.,Liu,Wu,Nature communications,Nat Commun,2021,11,12,1,6450,0,0,pubmed,False,False,theme_01; theme_03,theme_01,0.63,B,
34853305,10.1038/s41467-021-27303-7,PMC8636618,Platelet PD-L1 reflects collective intratumoral PD-L1 expression and predicts immunotherapy response in non-small cell lung cancer.,Hinterleitner,Zender,Nature communications,Nat Commun,2021,12,12,1,7005,0,0,pubmed,False,False,theme_01; theme_09,theme_09,0.63,B,
11905727,10.1016/S1470-2045(01)00457-0,,Women and lung cancer: does oestrogen play a role?,Siegfried,Siegfried,The Lancet. Oncology,Lancet Oncol,2001,8,2,8,506-13,0,0,pubmed,False,False,theme_05,theme_05,0.63,B,
9603793,10.1056/NEJM199805283382201,,Nonoccupational exposure to chrysotile asbestos and the risk of lung cancer.,Camus,Meek,The New England journal of medicine,N Engl J Med,1998,5,338,22,1565-71,0,0,pubmed,False,False,theme_05; theme_07,theme_07,0.63,B,
30816954,10.1001/jamaoncol.2018.7098,PMC6512308,Assessment of Blood Tumor Mutational Burden as a Potential Biomarker for Immunotherapy in Patients With Non-Small Cell Lung Cancer With Use of a Next-Generation Sequencing Cancer Gene Panel.,Wang,Wang,JAMA oncology,JAMA Oncol,2019,5,5,5,696-702,0,0,pubmed,False,False,theme_09,theme_09,0.63,B,
39983726,10.1016/j.ccell.2025.01.012,,Integrative spatial analysis reveals tumor heterogeneity and immune colony niche related to clinical outcomes in small cell lung cancer.,Chen,Cao,Cancer cell,Cancer Cell,2025,3,43,3,519-536.e5,0,0,pubmed,False,False,theme_01; theme_03; theme_12,theme_01,0.6200000000000001,B,
41271647,10.1038/s41467-025-64839-4,PMC12639146,Cancer cell-derived IL-1β reverses chemo-immunotherapy resistance in non-small cell lung cancer.,Perrichet,Rébé,Nature communications,Nat Commun,2025,11,16,1,10244,0,0,pubmed,False,False,theme_01; theme_09,theme_09,0.6200000000000001,B,
41807427,10.1038/s41467-026-70715-6,PMC12979737,Identification of altered immune landscape at single-cell resolution in NSCLC brain metastasis and its association with poor immune checkpoint inhibitor responses.,Bai,Teng,Nature communications,Nat Commun,2026,3,17,1,,0,0,pubmed,False,False,theme_01; theme_09; theme_12,theme_09,0.6200000000000001,B,
40402502,10.1001/jamaoncol.2025.1115,PMC12100510,Neoadjuvant PD-1 and PD-L1 Blockade With Chemotherapy for Borderline Resectable and Unresectable Stage III Non-Small Cell Lung Cancer.,Ricciuti,Cappuzzo,JAMA oncology,JAMA Oncol,2025,7,11,7,735-741,0,0,pubmed,False,False,theme_09,theme_09,0.6200000000000001,B,
41554048,10.1093/bib/bbaf735,PMC12814971,MoAGNN: a multi-omics hierarchical graph neural network for subtype classification and prognosis prediction in lung adenocarcinoma.,Lin,Lee,Briefings in bioinformatics,Brief Bioinform,2026,1,27,1,,0,0,pubmed,False,False,theme_01; theme_02; theme_03; theme_04,theme_03,0.62,B,
40515391,10.1093/bib/bbaf275,PMC12165829,Gene Swin transformer: new deep learning method for colorectal cancer prognosis using transcriptomic data.,Wang,Liu,Briefings in bioinformatics,Brief Bioinform,2025,5,26,3,,0,0,pubmed,False,False,theme_04,theme_04,0.62,B,
39223601,10.1186/s12943-024-02099-4,PMC11367890,LAMTOR1 decreased exosomal PD-L1 to enhance immunotherapy efficacy in non-small cell lung cancer.,Wu,Zhao,Molecular cancer,Mol Cancer,2024,9,23,1,184,0,0,pubmed,False,False,theme_09; theme_10,theme_09,0.62,B,
39250241,10.1158/0008-5472.CAN-24-0658,PMC11611666,Targeting NTRK1 Enhances Immune Checkpoint Inhibitor Efficacy in NTRK1 Wild-Type Non-Small Cell Lung Cancer.,Smith,Xing,Cancer research,Cancer Res,2024,12,84,23,4002-4016,0,0,pubmed,False,False,theme_09,theme_09,0.62,B,
40712061,10.1158/0008-5472.CAN-24-2772,,Dasatinib Remodels the Tumor Microenvironment and Sensitizes Small Cell Lung Cancer to Immunotherapy.,Redin,Calvo,Cancer research,Cancer Res,2025,10,85,20,3910-3929,0,0,pubmed,False,False,theme_09,theme_09,0.62,B,
39614090,10.1038/s41571-024-00971-2,,The changing treatment landscape of EGFR-mutant non-small-cell lung cancer.,Zhou,Zhou,Nature reviews. Clinical oncology,Nat Rev Clin Oncol,2025,2,22,2,95-116,0,0,pubmed,False,False,theme_01,theme_01,0.6100000000000001,B,
39762577,10.1038/s41571-024-00979-8,,Immunotherapy for advanced-stage squamous cell lung cancer: the state of the art and outstanding questions.,Wang,Zhang,Nature reviews. Clinical oncology,Nat Rev Clin Oncol,2025,3,22,3,200-214,0,0,pubmed,False,False,theme_01; theme_03; theme_04,theme_03,0.6100000000000001,B,
41584608,10.3389/fonc.2025.1665239,PMC12824025,Pharmacological strategies to overcome immune checkpoint inhibitor resistance in non-small cell lung cancer.,Xu,Zhu,Frontiers in oncology,Front Oncol,2025,0,15,,1665239,0,0,pubmed,False,False,theme_01; theme_09; theme_12,theme_09,0.6100000000000001,B,
41463234,10.3390/cancers17243985,PMC12731183,"Artificial Intelligence and Machine Learning in Lung Cancer: Advances in Imaging, Detection, and Prognosis.",Arshad,Pedersen,Cancers,Cancers (Basel),2025,12,17,24,,0,0,pubmed,False,False,theme_04; theme_10,theme_04,0.6100000000000001,B,
41976406,10.3390/cancers18071184,PMC13071972,Integrating Artificial Intelligence into Breast Cancer Histopathology: Toward Improved Diagnosis and Prognosis.,Faa,Fraschini,Cancers,Cancers (Basel),2026,4,18,7,,0,0,pubmed,False,False,theme_04,theme_04,0.6100000000000001,B,
40457025,10.1038/s41573-025-01211-7,,The gut microbiome as a target in cancer immunotherapy: opportunities and challenges for drug development.,Elkrief,Routy,Nature reviews. Drug discovery,Nat Rev Drug Discov,2025,9,24,9,685-704,0,0,pubmed,False,False,theme_09,theme_09,0.6100000000000001,B,
36323656,10.1038/s41467-022-34025-x,PMC9630455,Uncertainty-informed deep learning models enable high-confidence predictions for digital histopathology.,Dolezal,Pearson,Nature communications,Nat Commun,2022,11,13,1,6572,0,0,pubmed,False,False,theme_04,theme_04,0.61,B,
16835423,10.1001/jama.296.2.180,,Women's susceptibility to tobacco carcinogens and survival after diagnosis of lung cancer.,,Miettinen,JAMA,JAMA,2006,7,296,2,180-4,0,0,pubmed,False,False,theme_05,theme_05,0.61,B,
19767090,10.1016/S0140-6736(09)61526-9,PMC2995490,Oestrogen plus progestin and lung cancer in postmenopausal women (Women's Health Initiative trial): a post-hoc analysis of a randomised controlled trial.,Chlebowski,,"Lancet (London, England)",Lancet,2009,10,374,9697,1243-51,0,0,pubmed,False,False,theme_05,theme_05,0.61,B,
36261437,10.1038/s41467-022-33968-5,PMC9581911,Remodelling of tumour microenvironment by microwave ablation potentiates immunotherapy of AXL-specific CAR T cells against non-small cell lung cancer.,Cao,Zhang,Nature communications,Nat Commun,2022,10,13,1,6203,0,0,pubmed,False,False,theme_09,theme_09,0.61,B,
27598680,10.1016/S0140-6736(16)31340-X,,Challenges in molecular testing in non-small-cell lung cancer patients with advanced disease.,Hiley,Swanton,"Lancet (London, England)",Lancet,2016,9,388,10048,1002-11,0,0,pubmed,False,False,theme_01,theme_01,0.6000000000000001,B,
40307487,10.1038/s43018-025-00945-y,,An organoid library unveils subtype-specific IGF-1 dependency via a YAP-AP1 axis in human small cell lung cancer.,Fukushima,Sato,Nature cancer,Nat Cancer,2025,5,6,5,874-891,0,0,pubmed,False,False,theme_01; theme_03,theme_01,0.6000000000000001,B,
27310809,10.1001/jamaoncol.2016.0639,,Biomarkers for the Clinical Use of PD-1/PD-L1 Inhibitors in Non-Small-Cell Lung Cancer: A Review.,Sacher,Gandhi,JAMA oncology,JAMA Oncol,2016,9,2,9,1217-22,0,0,pubmed,False,False,theme_01; theme_09,theme_09,0.6000000000000001,B,
41027867,10.1038/s41467-025-63696-5,PMC12484868,Tumor immune dynamics and long-term clinical outcome of stage IIIA NSCLC patients treated with neoadjuvant chemoimmunotherapy.,Schmid,Zippelius,Nature communications,Nat Commun,2025,9,16,1,8673,0,0,pubmed,False,False,theme_01; theme_04; theme_09,theme_09,0.6000000000000001,B,
40696153,10.1038/s43018-025-01018-w,PMC12559004,Combination of pembrolizumab and radiotherapy induces systemic antitumor immune responses in immunologically cold non-small cell lung cancer.,Huang,Anagnostou,Nature cancer,Nat Cancer,2025,10,6,10,1676-1692,0,0,pubmed,False,False,theme_01; theme_09,theme_09,0.6000000000000001,B,
38001063,10.1038/s41467-023-43019-2,PMC10673889,Paired single-cell multi-omics data integration with Mowgli.,Huizing,Cantini,Nature communications,Nat Commun,2023,11,14,1,7711,0,0,pubmed,False,False,theme_02,theme_02,0.6000000000000001,B,
40211981,10.1093/bib/bbaf157,PMC11986350,FactVAE: a factorized variational autoencoder for single-cell multi-omics data integration analysis.,Wang,Zhao,Briefings in bioinformatics,Brief Bioinform,2025,3,26,2,,0,0,pubmed,False,False,theme_02,theme_02,0.6000000000000001,B,
41975483,10.1186/s13059-026-04070-6,,A sequence knowledge-guided deep learning method for single-cell multi-omics translation.,Zhao,Guo,Genome biology,Genome Biol,2026,4,,,,0,0,pubmed,False,False,theme_02,theme_02,0.6000000000000001,B,
40116660,10.1093/bib/bbaf121,PMC11926983,Deep learning-driven survival prediction in pan-cancer studies by integrating multimodal histology-genomic data.,Hu,Wang,Briefings in bioinformatics,Brief Bioinform,2025,3,26,2,,0,0,pubmed,False,False,theme_04,theme_04,0.6000000000000001,B,
40624052,10.1038/s41467-025-61349-1,PMC12234899,Automated cell annotation and classification on histopathology for spatial biomarker discovery.,Li,Li,Nature communications,Nat Commun,2025,7,16,1,6240,0,0,pubmed,False,False,theme_04,theme_04,0.6000000000000001,B,
37258521,10.1038/s41467-023-38841-7,PMC10232477,In vivo CRISPR screens reveal Serpinb9 and Adam2 as regulators of immune therapy response in lung cancer.,Dervovic,Schramek,Nature communications,Nat Commun,2023,5,14,1,3150,0,0,pubmed,False,False,theme_09,theme_09,0.6000000000000001,B,
38331912,10.1038/s41467-024-45361-5,PMC10853168,Assessment of human leukocyte antigen-based neoantigen presentation to determine pan-cancer response to immunotherapy.,Han,Wang,Nature communications,Nat Commun,2024,2,15,1,1199,0,0,pubmed,False,False,theme_09,theme_09,0.6000000000000001,B,
40205583,10.1186/s12943-025-02287-w,PMC11980172,Single-cell and spatial transcriptomic analyses revealing tumor microenvironment remodeling after neoadjuvant chemoimmunotherapy in non-small cell lung cancer.,Cui,Sun,Molecular cancer,Mol Cancer,2025,4,24,1,111,0,0,pubmed,False,False,theme_09; theme_12,theme_09,0.6000000000000001,B,
41062480,10.1038/s41467-025-63863-8,PMC12508061,Selective HLA knockdown and PD-L1 expression prevent allogeneic CAR-NK cell rejection and enhance safety and anti-tumor responses in xenograft mice.,Liu,Chen,Nature communications,Nat Commun,2025,10,16,1,8809,0,0,pubmed,False,False,theme_09,theme_09,0.6000000000000001,B,
30073261,10.1001/jamaoncol.2018.2969,PMC6240476,Assessment of Resistance Mechanisms and Clinical Implications in Patients With EGFR T790M-Positive Lung Cancer and Acquired Resistance to Osimertinib.,Oxnard,Jänne,JAMA oncology,JAMA Oncol,2018,11,4,11,1527-1534,0,0,pubmed,False,False,theme_01,theme_01,0.5900000000000001,B,
41516316,10.3390/ijms27010445,PMC12785988,Lineage Plasticity and Histologic Transformation in EGFR-TKI Resistant Lung Cancer.,Lau,Tan,International journal of molecular sciences,Int J Mol Sci,2025,12,27,1,,0,0,pubmed,False,False,theme_01; theme_03; theme_08,theme_01,0.5900000000000001,B,
41308689,10.1016/S1470-2045(25)00520-0,,"SISAQOL-IMI consensus-based guidelines to design, analyse, interpret, and present patient-reported outcomes in cancer clinical trials.",Amdal,,The Lancet. Oncology,Lancet Oncol,2025,12,26,12,e683-e693,0,0,pubmed,False,False,theme_10,theme_10,0.5900000000000001,B,
31395880,10.1038/s41467-019-11452-x,PMC6687710,Proteogenomic landscape of squamous cell lung cancer.,Stewart,Haura,Nature communications,Nat Commun,2019,8,10,1,3578,0,0,pubmed,False,False,theme_01; theme_03,theme_01,0.59,B,
31451693,10.1038/s41467-019-11808-3,PMC6710267,Liquid biopsy-based single-cell metabolic phenotyping of lung cancer patients for informative diagnostics.,Li,Shi,Nature communications,Nat Commun,2019,8,10,1,3856,0,0,pubmed,False,False,theme_01; theme_08; theme_12,theme_12,0.59,B,
35452604,10.1016/j.ccell.2022.03.012,PMC9196205,A phenotypic signature that identifies neoantigen-reactive T cells in fresh human lung cancers.,Hanada,Yang,Cancer cell,Cancer Cell,2022,5,40,5,479-493.e6,0,0,pubmed,False,False,theme_09,theme_09,0.59,B,
25846096,10.1016/S1470-2045(14)71180-5,PMC4470698,Transformation from non-small-cell lung cancer to small-cell lung cancer: molecular drivers and cells of origin.,Oser,Engelman,The Lancet. Oncology,Lancet Oncol,2015,4,16,4,e165-72,0,0,pubmed,False,False,theme_01,theme_01,0.5800000000000001,B,
36580285,10.1001/jamaoncol.2022.6109,PMC9936333,Testing for EGFR Variants in Pleural and Pericardial Effusion Cell-Free DNA in Patients With Non-Small Cell Lung Cancer.,Lee,Mok,JAMA oncology,JAMA Oncol,2023,2,9,2,261-265,0,0,pubmed,False,False,theme_01,theme_01,0.5800000000000001,B,
38366589,10.1016/j.ccell.2024.01.010,,Immune heterogeneity in small-cell lung cancer and vulnerability to immune checkpoint blockade.,Nabet,Shames,Cancer cell,Cancer Cell,2024,3,42,3,429-443.e4,0,0,pubmed,False,False,theme_01; theme_10; theme_11,theme_01,0.5800000000000001,B,
40147443,10.1016/j.cell.2025.03.018,,A single-cell atlas reveals immune heterogeneity in anti-PD-1-treated non-small cell lung cancer.,Liu,Zhang,Cell,Cell,2025,5,188,11,3081-3096.e19,0,0,pubmed,False,False,theme_01; theme_09; theme_12,theme_01,0.5800000000000001,B,
40539233,10.1093/bib/bbaf284,PMC12204680,DeepTFtyper: an interpretable morphology-aware graph neural network for translating histopathology images into molecular subtypes in small cell lung cancer.,Li,Yang,Briefings in bioinformatics,Brief Bioinform,2025,5,26,3,,0,0,pubmed,False,False,theme_01; theme_04,theme_01,0.5800000000000001,B,
41845530,10.1186/s13073-026-01624-y,,Multi-omics reveals key molecular and cellular features of advanced small cell lung cancers associated with distinct therapeutic opportunities.,Nones,Fielding,Genome medicine,Genome Med,2026,3,,,,0,0,pubmed,False,False,theme_01; theme_08,theme_01,0.5800000000000001,B,
38278149,10.1016/j.ccell.2024.01.001,PMC10982990,Tumor- and circulating-free DNA methylation identifies clinically relevant small cell lung cancer subtypes.,Heeke,Heymach,Cancer cell,Cancer Cell,2024,2,42,2,225-237.e5,0,0,pubmed,False,False,theme_01; theme_04; theme_08; theme_12,theme_08,0.5800000000000001,B,
38215748,10.1016/j.ccell.2023.12.013,PMC11249385,Clinical and molecular features of acquired resistance to immunotherapy in non-small cell lung cancer.,Memon,Hellmann,Cancer cell,Cancer Cell,2024,2,42,2,209-224.e9,0,0,pubmed,False,False,theme_01; theme_09,theme_09,0.5800000000000001,B,
39653054,10.1016/S1470-2045(24)00599-0,,Deep learning using histological images for gene mutation prediction in lung cancer: a multicentre retrospective study.,Zhao,Liang,The Lancet. Oncology,Lancet Oncol,2025,1,26,1,136-146,0,0,pubmed,False,False,theme_01; theme_04,theme_04,0.5800000000000001,B,
36869384,10.1186/s13073-023-01164-9,PMC9985263,Tumor microenvironment remodeling after neoadjuvant immunotherapy in non-small cell lung cancer revealed by single-cell RNA sequencing.,Hu,Zhang,Genome medicine,Genome Med,2023,3,15,1,14,0,0,pubmed,False,False,theme_01; theme_05; theme_09; theme_12,theme_09,0.5800000000000001,B,
39349627,10.1038/s41591-024-03240-y,PMC12066197,Neoantigen immunogenicity landscapes and evolution of tumor ecosystems during immunotherapy with nivolumab.,Alban,Chan,Nature medicine,Nat Med,2024,11,30,11,3209-3222,0,0,pubmed,False,False,theme_01; theme_09,theme_09,0.5800000000000001,B,
39170614,10.3389/fimmu.2024.1437961,PMC11335479,"Case report: Immune response characterization of a pseudoprogression in a PD-L1-negative, TMB-low, KEAP1/STK11 co-mutated metastatic NSCLC.",Roussot,Ghiringhelli,Frontiers in immunology,Front Immunol,2024,0,15,,1437961,0,0,pubmed,False,False,theme_01; theme_09,theme_09,0.5800000000000001,B,
31220206,10.1093/bib/bbz015,,Evaluation of integrative clustering methods for the analysis of multi-omics data.,Chauvel,Becker,Briefings in bioinformatics,Brief Bioinform,2020,3,21,2,541-552,0,0,pubmed,False,False,theme_02; theme_04,theme_02,0.5800000000000001,B,
34791014,10.1093/bib/bbab454,PMC8769688,A roadmap for multi-omics data integration using deep learning.,Kang,Mersha,Briefings in bioinformatics,Brief Bioinform,2022,1,23,1,,0,0,pubmed,False,False,theme_02,theme_02,0.5800000000000001,B,
36702755,10.1093/bib/bbad025,,Subtype-DCC: decoupled contrastive clustering method for cancer subtype identification based on multi-omics data.,Zhao,Wei,Briefings in bioinformatics,Brief Bioinform,2023,3,24,2,,0,0,pubmed,False,False,theme_02,theme_02,0.5800000000000001,B,
37232375,10.1093/bib/bbad196,,ProgCAE: a deep learning-based method that integrates multi-omics data to predict cancer subtypes.,Liu,Song,Briefings in bioinformatics,Brief Bioinform,2023,7,24,4,,0,0,pubmed,False,False,theme_02; theme_04,theme_02,0.5800000000000001,B,
38493343,10.1093/bib/bbae095,PMC10944570,Benchmarking multi-omics integration algorithms across single-cell RNA and ATAC data.,Xiao,Zhang,Briefings in bioinformatics,Brief Bioinform,2024,1,25,2,,0,0,pubmed,False,False,theme_02,theme_02,0.5800000000000001,B,
38670157,10.1093/bib/bbae184,PMC11052635,Prior knowledge-guided multilevel graph neural network for tumor risk prediction and interpretation via multi-omics data integration.,Yan,Liu,Briefings in bioinformatics,Brief Bioinform,2024,3,25,3,,0,0,pubmed,False,False,theme_02; theme_04,theme_02,0.5800000000000001,B,
39893194,10.1038/s41467-025-56523-4,PMC11787318,Spatial integration of multi-omics single-cell data with SIMO.,Yang,Fan,Nature communications,Nat Commun,2025,2,16,1,1265,0,0,pubmed,False,False,theme_02,theme_02,0.5800000000000001,B,
40442129,10.1038/s41467-025-60333-z,PMC12122792,scMODAL: a general deep learning framework for comprehensive single-cell multi-omics data alignment with feature links.,Wang,Zhao,Nature communications,Nat Commun,2025,5,16,1,4994,0,0,pubmed,False,False,theme_02,theme_02,0.5800000000000001,B,
40640531,10.1038/s41592-025-02737-9,,Benchmarking single-cell multi-modal data integrations.,Fu,Liu,Nature methods,Nat Methods,2025,11,22,11,2437-2448,0,0,pubmed,False,False,theme_02,theme_02,0.5800000000000001,B,
37594302,10.1093/bib/bbad304,,A denoised multi-omics integration framework for cancer subtype classification and survival prediction.,Pang,Xu,Briefings in bioinformatics,Brief Bioinform,2023,9,24,5,,0,0,pubmed,False,False,theme_02; theme_04,theme_04,0.5800000000000001,B,
39638782,10.1038/s41467-024-54565-8,PMC11621351,Integrative multi-omics analysis uncovers tumor-immune-gut axis influencing immunotherapy outcomes in ovarian cancer.,Rosario,Zsiros,Nature communications,Nat Commun,2024,12,15,1,10609,0,0,pubmed,False,False,theme_02; theme_09,theme_09,0.5800000000000001,B,
40932499,10.1007/s00261-025-05181-7,,Artificial intelligence in gastric cancer: a systematic review of machine learning and deep learning applications.,Alsallal,Farhood,Abdominal radiology (New York),Abdom Radiol (NY),2026,4,51,4,1694-1710,0,0,pubmed,False,False,theme_02; theme_04,theme_04,0.5800000000000001,B,
37652006,10.1016/j.ccell.2023.08.002,PMC10507381,Transformer-based biomarker prediction from colorectal cancer histology: A large-scale multicentric study.,Wagner,Kather,Cancer cell,Cancer Cell,2023,9,41,9,1650-1661.e4,0,0,pubmed,False,False,theme_04,theme_04,0.5800000000000001,B,
38089005,10.1016/j.jpi.2023.100348,PMC10714242,"Performance of externally validated machine learning models based on histopathology images for the diagnosis, classification, prognosis, or treatment outcome prediction in female breast cancer: A systematic review.",Gonzalez,Lokker,Journal of pathology informatics,J Pathol Inform,2024,12,15,,100348,0,0,pubmed,False,False,theme_04,theme_04,0.5800000000000001,B,
38942025,10.1016/j.ccell.2024.06.002,PMC13010562,Advancing presurgical non-invasive molecular subgroup prediction in medulloblastoma using artificial intelligence and MRI signatures.,Wang,Gong,Cancer cell,Cancer Cell,2024,7,42,7,1239-1257.e7,0,0,pubmed,False,False,theme_04,theme_04,0.5800000000000001,B,
40305075,10.1158/0008-5472.CAN-24-4190,,Multitask Deep Learning Based on Longitudinal CT Images Facilitates Prediction of Lymph Node Metastasis and Survival in Chemotherapy-Treated Gastric Cancer.,Qiu,Cui,Cancer research,Cancer Res,2025,7,85,13,2527-2536,0,0,pubmed,False,False,theme_04,theme_04,0.5800000000000001,B,
40436838,10.1038/s41467-025-59610-8,PMC12120053,GraftIQ: Hybrid multi-class neural network integrating clinical insight for multi-outcome prediction in liver transplant recipients.,Sharma,Bhat,Nature communications,Nat Commun,2025,5,16,1,4943,0,0,pubmed,False,False,theme_04,theme_04,0.5800000000000001,B,
41634004,10.1038/s41467-026-68633-8,PMC12868679,Metabolic characterization of tumor-immune interactions by multiplexed immunofluorescence reveals spatial mechanisms of immunotherapy response in non-small cell lung carcinoma (NSCLC).,Monkman,Kulasinghe,Nature communications,Nat Commun,2026,2,17,1,837,0,0,pubmed,False,False,theme_04; theme_09; theme_12,theme_09,0.5800000000000001,B,
18598932,10.1016/S1470-2045(08)70174-8,,Molecular genetics of lung cancer in people who have never smoked.,Subramanian,Govindan,The Lancet. Oncology,Lancet Oncol,2008,7,9,7,676-82,0,0,pubmed,False,False,theme_06,theme_06,0.5800000000000001,B,
36890230,10.1038/s41586-023-05787-1,PMC10441586,Neoantigen-targeted CD8+ T cell responses with PD-1 blockade therapy.,Puig-Saus,Ribas,Nature,Nature,2023,3,615,7953,697-704,0,0,pubmed,False,False,theme_09,theme_09,0.5800000000000001,B,
37185575,10.1038/s41467-023-37905-y,PMC10130161,Immune cellular patterns of distribution affect outcomes of patients with non-small cell lung cancer.,Parra,Wistuba,Nature communications,Nat Commun,2023,4,14,1,2364,0,0,pubmed,False,False,theme_09; theme_10,theme_09,0.5800000000000001,B,
37973916,10.1038/s41467-023-42997-7,PMC10654443,Gut microbial structural variation associates with immune checkpoint inhibitor response.,Liu,Wang,Nature communications,Nat Commun,2023,11,14,1,7421,0,0,pubmed,False,False,theme_09,theme_09,0.5800000000000001,B,
32649881,10.1016/j.cell.2020.06.016,,Across the Globe: Proteogenomic Landscapes of Lung Cancer.,Yanovich-Arad,Geiger,Cell,Cell,2020,7,182,1,9-11,0,0,pubmed,False,False,theme_01; theme_03,theme_01,0.5700000000000001,B,
40535066,10.21037/tlcr-2024-1121,PMC12170211,Impacts of co-mutations in oligometastatic and oligoprogressive non-small cell lung cancer with EGFR/ALK mutations-a narrative review of the current literature.,Lim,Park,Translational lung cancer research,Transl Lung Cancer Res,2025,5,14,5,1848-1861,0,0,pubmed,False,False,theme_01; theme_10,theme_01,0.5700000000000001,B,
32803172,10.1038/s43018-020-0066-y,PMC7115931,The T cell differentiation landscape is shaped by tumour mutations in lung cancer.,Ghorani,Quezada,Nature cancer,Nat Cancer,2020,5,1,5,546-561,0,0,pubmed,False,False,theme_01; theme_09,theme_09,0.5700000000000001,B,
37686122,10.3390/ijms241713314,PMC10488233,A Functional Genomics Review of Non-Small-Cell Lung Cancer in Never Smokers.,Hamouz,Bednarek,International journal of molecular sciences,Int J Mol Sci,2023,8,24,17,,0,0,pubmed,False,False,theme_01; theme_06; theme_09,theme_06,0.5700000000000001,B,
39995659,10.3389/fimmu.2025.1515748,PMC11847692,Non-small cell lung cancer and the tumor microenvironment: making headway from targeted therapies to advanced immunotherapy.,De Lucia,Mazza,Frontiers in immunology,Front Immunol,2025,0,16,,1515748,0,0,pubmed,False,False,theme_01; theme_09,theme_09,0.5700000000000001,B,
40688094,10.3389/fimmu.2025.1601125,PMC12271089,"A stage IV lung squamous cell cancer patient with brain metastases, high PD-L1 & TMB, achieves pCR and long-term survival after immune-chemotherapy and radical surgery: a case report and literature review.",Xu,Ma,Frontiers in immunology,Front Immunol,2025,0,16,,1601125,0,0,pubmed,False,False,theme_01; theme_09,theme_09,0.5700000000000001,B,
41727661,10.3389/fonc.2026.1762619,PMC12916352,"Overcoming immune resistance in ovarian cancer: checkpoint inhibitors, tumor microenvironment, and translational advances.",Yue,Peng,Frontiers in oncology,Front Oncol,2026,0,16,,1762619,0,0,pubmed,False,False,theme_01; theme_09,theme_09,0.5700000000000001,B,
33402734,10.1038/s41467-020-20430-7,PMC7785750,Benchmarking joint multi-omics dimensionality reduction approaches for the study of cancer.,Cantini,Baudot,Nature communications,Nat Commun,2021,1,12,1,124,0,0,pubmed,False,False,theme_02; theme_04,theme_02,0.5700000000000001,B,
30082870,10.1038/s41591-018-0134-3,,Blood-based tumor mutational burden as a predictor of clinical benefit in non-small-cell lung cancer patients treated with atezolizumab.,Gandara,Shames,Nature medicine,Nat Med,2018,9,24,9,1441-1448,0,0,pubmed,False,False,theme_09,theme_09,0.5700000000000001,B,
34963055,10.1016/j.cell.2021.12.005,PMC8751279,"EMSY inhibits homologous recombination repair and the interferon response, promoting lung cancer immune evasion.",Marzio,Pagano,Cell,Cell,2022,1,185,1,169-183.e19,0,0,pubmed,False,False,theme_09,theme_09,0.5700000000000001,B,
39830769,10.21037/tlcr-24-552,PMC11736579,"Emerging insights into STK11, KEAP1 and KRAS mutations: implications for immunotherapy in patients with advanced non-small cell lung cancer.",Knetki-Wróblewska,Krzakowski,Translational lung cancer research,Transl Lung Cancer Res,2024,12,13,12,3718-3730,0,0,pubmed,False,False,theme_09,theme_09,0.5700000000000001,B,
41469665,10.1186/s12943-025-02513-5,PMC12755029,Gut microbiota reshaping the pancreatic cancer immune microenvironment: new avenues for immunotherapy.,Zheng,Sun,Molecular cancer,Mol Cancer,2025,12,24,1,313,0,0,pubmed,False,False,theme_09,theme_09,0.5700000000000001,B,
41472726,10.3389/fimmu.2025.1713382,PMC12745261,Leveraging beneficial microbiome-immune interactions via probiotic use in cancer immunotherapy.,Jani,Watson,Frontiers in immunology,Front Immunol,2025,0,16,,1713382,0,0,pubmed,False,False,theme_09; theme_12,theme_09,0.5700000000000001,B,
41268560,10.3389/fimmu.2025.1691980,PMC12627020,Overcoming resistance to immune checkpoint inhibitor in non-small cell lung cancer: the promise of combination therapy.,Shi,Wu,Frontiers in immunology,Front Immunol,2025,0,16,,1691980,1,0,pubmed,False,False,theme_01; theme_09; theme_12,theme_09,0.5650514997831991,B,
41097649,10.3390/cancers17193121,PMC12523410,"Radiomics-Driven Tumor Prognosis Prediction Across Imaging Modalities: Advances in Sampling, Feature Selection, and Multi-Omics Integration.",Huang,Tam,Cancers,Cancers (Basel),2025,9,17,19,,1,0,pubmed,False,False,theme_02; theme_04,theme_04,0.5650514997831991,B,
26018876,10.3390/cancers7020816,PMC4491691,Targeted Therapies in Non-Small Cell Lung Cancer-Beyond EGFR and ALK.,Rothschild,Rothschild,Cancers,Cancers (Basel),2015,5,7,2,930-49,0,0,pubmed,False,False,theme_01,theme_01,0.56,B,
29068003,10.1038/nrc.2017.84,,Understanding and targeting resistance mechanisms in NSCLC.,Rotow,Bivona,Nature reviews. Cancer,Nat Rev Cancer,2017,10,17,11,637-658,0,0,pubmed,False,False,theme_01,theme_01,0.56,B,
30060526,10.3390/cancers10080248,PMC6116004,"Lung Cancers: Molecular Characterization, Clonal Heterogeneity and Evolution, and Cancer Stem Cells.",Testa,Pelosi,Cancers,Cancers (Basel),2018,7,10,8,,0,0,pubmed,False,False,theme_01,theme_01,0.56,B,
36849516,10.1038/s41467-023-35962-x,PMC9971022,Analysis of acquired resistance mechanisms to osimertinib in patients with EGFR-mutated advanced non-small cell lung cancer from the AURA3 trial.,Chmielecki,Papadimitrakopoulou,Nature communications,Nat Commun,2023,2,14,1,1071,0,0,pubmed,False,False,theme_01,theme_01,0.56,B,
36961816,10.1016/j.celrep.2023.112297,,"Integrated CRISPR screening and drug profiling identifies combination opportunities for EGFR, ALK, and BRAF/MEK inhibitors.",Tiedt,Porta,Cell reports,Cell Rep,2023,4,42,4,112297,0,0,pubmed,False,False,theme_01,theme_01,0.56,B,
37308490,10.1038/s41467-023-39139-4,PMC10261012,Phase 1b trial of anti-EGFR antibody JMT101 and Osimertinib in EGFR exon 20 insertion-positive non-small-cell lung cancer.,Zhao,Fang,Nature communications,Nat Commun,2023,6,14,1,3468,0,0,pubmed,False,False,theme_01,theme_01,0.56,B,
37682707,10.1016/j.celrep.2023.113003,,Methylation of KRAS by SETD7 promotes KRAS degradation in non-small cell lung cancer.,Chiang,Zheng,Cell reports,Cell Rep,2023,9,42,9,113003,0,0,pubmed,False,False,theme_01; theme_08,theme_01,0.56,B,
37870976,10.1056/NEJMoa2306441,,Amivantamab plus Chemotherapy in NSCLC with EGFR Exon 20 Insertions.,Zhou,,The New England journal of medicine,N Engl J Med,2023,11,389,22,2039-2051,0,0,pubmed,False,False,theme_01,theme_01,0.56,B,
38114518,10.1038/s41467-023-44195-x,PMC10730562,Neoadjuvant durvalumab plus radiation versus durvalumab alone in stages I-III non-small cell lung cancer: survival outcomes and molecular correlates of a randomized phase II trial.,Altorki,McGraw,Nature communications,Nat Commun,2023,12,14,1,8435,0,0,pubmed,False,False,theme_01,theme_01,0.56,B,
38402609,10.1016/j.ccell.2024.01.012,,Adeno-to-squamous transition drives resistance to KRAS inhibition in LKB1 mutant lung cancer.,Tong,Ji,Cancer cell,Cancer Cell,2024,3,42,3,413-428.e7,0,0,pubmed,False,False,theme_01; theme_10,theme_01,0.56,B,
38788718,10.1016/j.ccell.2024.05.002,,Molecular subtypes of neuroendocrine carcinomas: A cross-tissue classification framework based on five transcriptional regulators.,Wang,He,Cancer cell,Cancer Cell,2024,6,42,6,1106-1125.e8,0,0,pubmed,False,False,theme_01,theme_01,0.56,B,
39747003,10.1038/s41467-024-55378-5,PMC11695629,Intratumor heterogeneity of EGFR expression mediates targeted therapy resistance and formation of drug tolerant microenvironment.,Alsaed,Haikala,Nature communications,Nat Commun,2025,1,16,1,28,0,0,pubmed,False,False,theme_01,theme_01,0.56,B,
40016452,10.1038/s41591-025-03530-z,PMC12323702,Single-cell and spatial genomic landscape of non-small cell lung cancer brain metastases.,Tagore,Izar,Nature medicine,Nat Med,2025,4,31,4,1351-1363,0,0,pubmed,False,False,theme_01; theme_12,theme_01,0.56,B,
40069142,10.1038/s41467-025-57364-x,PMC11897189,Proteogenomic characterization reveals tumorigenesis and progression of lung cancer manifested as subsolid nodules.,Su,Liu,Nature communications,Nat Commun,2025,3,16,1,2414,0,0,pubmed,False,False,theme_01; theme_03,theme_01,0.56,B,
40846697,10.1038/s41467-025-61788-w,PMC12373916,Prolonging lung cancer response to EGFR inhibition by targeting the selective advantage of resistant cells.,Brunet,Grumolato,Nature communications,Nat Commun,2025,8,16,1,7853,0,0,pubmed,False,False,theme_01,theme_01,0.56,B,
37046094,10.1038/s41586-023-05771-9,PMC10115647,Antibodies against endogenous retroviruses promote lung cancer immunotherapy.,Ng,Kassiotis,Nature,Nature,2023,4,616,7957,563-573,0,0,pubmed,False,True,theme_01; theme_09,theme_09,0.56,B,
37055640,10.1038/s41586-023-05776-4,PMC7614605,Tracking early lung cancer metastatic dissemination in TRACERx using ctDNA.,Abbosh,Swanton,Nature,Nature,2023,4,616,7957,553-562,0,0,pubmed,False,False,theme_01; theme_12,theme_12,0.56,B,
39736629,10.1186/s12943-024-02201-w,PMC11686834,The miR-23a/27a/24 - 2 cluster drives immune evasion and resistance to PD-1/PD-L1 blockade in non-small cell lung cancer.,Luo,Jin,Molecular cancer,Mol Cancer,2024,12,23,1,285,0,0,pubmed,False,False,theme_01; theme_09,theme_09,0.56,B,
40764107,10.1136/jitc-2025-012288,PMC12336572,"Genetic drivers of tumor microenvironment and immunotherapy resistance in non-small cell lung cancer: the role of KEAP1, SMARCA4, and PTEN mutations.",Paredes,Rolfo,Journal for immunotherapy of cancer,J Immunother Cancer,2025,8,13,8,,0,0,pubmed,False,False,theme_01; theme_09,theme_09,0.56,B,
32823283,10.1093/bib/bbaa167,PMC8138887,Large-scale benchmark study of survival prediction methods using multi-omics data.,Herrmann,Boulesteix,Briefings in bioinformatics,Brief Bioinform,2021,5,22,3,,0,0,pubmed,False,False,theme_02; theme_04,theme_02,0.56,B,
38582890,10.1038/s41467-024-47418-x,PMC10998864,scButterfly: a versatile single-cell cross-modality translation method via dual-aligned variational autoencoders.,Cao,Chen,Nature communications,Nat Commun,2024,4,15,1,2973,0,0,pubmed,False,False,theme_02,theme_02,0.56,B,
38971800,10.1038/s41467-024-49986-4,PMC11227559,Directional integration and pathway enrichment analysis for multi-omics data.,Slobodyanyuk,Reimand,Nature communications,Nat Commun,2024,7,15,1,5690,0,0,pubmed,False,False,theme_02,theme_02,0.56,B,
39127735,10.1038/s41467-024-50701-6,PMC11316822,Prediction of plant complex traits via integration of multi-omics data.,Wang,Shiu,Nature communications,Nat Commun,2024,8,15,1,6856,0,0,pubmed,False,False,theme_02,theme_02,0.56,B,
39747840,10.1038/s41467-024-55204-y,PMC11696235,Cooperative integration of spatially resolved multi-omics data with COSMOS.,Zhou,Xu,Nature communications,Nat Commun,2025,1,16,1,27,0,0,pubmed,False,False,theme_02,theme_02,0.56,B,
40116658,10.1093/bib/bbaf116,PMC11926982,"Benchmarking ensemble machine learning algorithms for multi-class, multi-omics data integration in clinical outcome prediction.",Spooner,Sowmya,Briefings in bioinformatics,Brief Bioinform,2025,3,26,2,,0,0,pubmed,False,False,theme_02; theme_04,theme_02,0.56,B,
36394839,10.1001/jamaoncol.2022.4933,PMC9673028,Association of Machine Learning-Based Assessment of Tumor-Infiltrating Lymphocytes on Standard Histologic Images With Outcomes of Immunotherapy in Patients With NSCLC.,Rakaee,Kwiatkowski,JAMA oncology,JAMA Oncol,2023,1,9,1,51-60,0,0,pubmed,False,False,theme_04; theme_09,theme_04,0.56,B,
38395893,10.1038/s41467-024-46043-y,PMC10891053,Metabolomic machine learning predictor for diagnosis and prognosis of gastric cancer.,Chen,Hu,Nature communications,Nat Commun,2024,2,15,1,1657,0,0,pubmed,False,False,theme_04,theme_04,0.56,B,
39800784,10.1038/s41467-025-55847-5,PMC11725576,"Integration of clinical, pathological, radiological, and transcriptomic data improves prediction for first-line immunotherapy outcome in metastatic non-small cell lung cancer.",Captier,Barillot,Nature communications,Nat Commun,2025,1,16,1,614,0,0,pubmed,False,False,theme_04; theme_09; theme_11,theme_04,0.56,B,
39915478,10.1038/s41467-025-56784-z,PMC11802731,Artificial intelligence links CT images to pathologic features and survival outcomes of renal masses.,Xiong,Wang,Nature communications,Nat Commun,2025,2,16,1,1425,0,0,pubmed,False,False,theme_04,theme_04,0.56,B,
40481323,10.1038/s43018-025-00991-6,PMC12380607,Development and validation of an autonomous artificial intelligence agent for clinical decision-making in oncology.,Ferber,Kather,Nature cancer,Nat Cancer,2025,8,6,8,1337-1349,0,0,pubmed,False,False,theme_04,theme_04,0.56,B,
41288989,10.1093/bib/bbaf628,PMC12645844,Transcriptome Transformer: improving patient survival prediction via multitask learning of transcriptomic and clinical features.,Koo,Kim,Briefings in bioinformatics,Brief Bioinform,2025,11,26,6,,0,0,pubmed,False,False,theme_04,theme_04,0.56,B,
41620233,10.1016/S0140-6736(25)02020-3,,"Prediction of mortality, bleeding, and ischaemic events in patients with cancer and acute coronary syndrome: a model development and validation study.",Wenzl,Lüscher,"Lancet (London, England)",Lancet,2026,1,407,10527,515-528,0,0,pubmed,False,False,theme_04,theme_04,0.56,B,
41894040,10.1007/s00234-026-03976-z,,Artificial intelligence and radiomics for pediatric brain tumor classification and molecular characterization: a systematic review.,Reyes,Navarro-Ramirez,Neuroradiology,Neuroradiology,2026,3,,,,0,0,pubmed,False,False,theme_04,theme_04,0.56,B,
15082704,10.1001/jama.291.14.1763,,Lung cancer in US women: a contemporary epidemic.,Patel,Kris,JAMA,JAMA,2004,4,291,14,1763-8,0,0,pubmed,False,False,theme_05,theme_05,0.56,B,
17882278,10.1038/nrc2190,,Lung cancer in never smokers--a different disease.,Sun,Gazdar,Nature reviews. Cancer,Nat Rev Cancer,2007,10,7,10,778-90,0,0,pubmed,False,False,theme_05; theme_06; theme_07,theme_06,0.56,B,
36574773,10.1016/j.immuni.2022.12.001,PMC9887636,The ectonucleotidase CD39 identifies tumor-reactive CD8+ T cells predictive of immune checkpoint blockade efficacy in human lung cancer.,Chow,Rudin,Immunity,Immunity,2023,1,56,1,93-106.e6,0,0,pubmed,False,False,theme_09; theme_10,theme_09,0.56,B,
41535459,10.1038/s41586-025-09913-z,PMC12960244,Microbiota-induced T cell plasticity enables immune-mediated tumour control.,Najar,Littman,Nature,Nature,2026,3,651,8104,201-210,0,0,pubmed,False,False,theme_09,theme_09,0.56,B,
39786754,10.1001/jamaoncol.2024.5794,PMC11926650,Genetic Ancestry-Based Differences in Biomarker-Based Eligibility for Precision Oncology Therapies.,Arora,Chakravarty,JAMA oncology,JAMA Oncol,2025,3,11,3,310-316,0,0,pubmed,False,False,theme_10,theme_10,0.56,B,
40874818,10.1093/bib/bbaf440,PMC12392270,Deep learning-driven multi-omics analysis: enhancing cancer diagnostics and therapeutics.,Zhang,Liu,Briefings in bioinformatics,Brief Bioinform,2025,7,26,4,,16,0,pubmed,False,False,theme_02; theme_03; theme_04,theme_02,0.5515224460689138,B,
41537307,10.1093/bib/bbaf729,PMC12805251,Artificial intelligence in mitotic checkpoint modeling: transforming our understanding of cellular division through machine learning and predictive biology.,Ibrahim,Ibrahim,Briefings in bioinformatics,Brief Bioinform,2026,1,27,1,,0,0,pubmed,False,False,theme_02; theme_04; theme_11,theme_04,0.5500000000000002,B,
27892978,10.1001/jamaoncol.2016.3834,PMC5824323,Estimating Survival in Patients With Lung Cancer and Brain Metastases: An Update of the Graded Prognostic Assessment for Lung Cancer Using Molecular Markers (Lung-molGPA).,Sperduto,Mehta,JAMA oncology,JAMA Oncol,2017,6,3,6,827-831,0,0,pubmed,False,False,theme_01,theme_01,0.55,B,
32473656,10.1016/j.ccell.2020.05.001,PMC7393942,MYC Drives Temporal Evolution of Small Cell Lung Cancer Subtypes by Reprogramming Neuroendocrine Fate.,Ireland,Oliver,Cancer cell,Cancer Cell,2020,7,38,1,60-78.e12,0,0,pubmed,False,False,theme_01,theme_01,0.55,B,
33482121,10.1016/j.ccell.2020.12.014,PMC8143037,Patterns of transcription factor programs and immune pathway activation define four major subtypes of SCLC with distinct therapeutic vulnerabilities.,Gay,Byers,Cancer cell,Cancer Cell,2021,3,39,3,346-360.e7,0,0,pubmed,False,False,theme_01,theme_01,0.55,B,
34521849,10.1038/s41467-021-25787-x,PMC8440529,Multi-region exome sequencing reveals the intratumoral heterogeneity of surgically resected small cell lung cancer.,Zhou,Zhou,Nature communications,Nat Commun,2021,9,12,1,5431,0,0,pubmed,False,False,theme_01; theme_06,theme_01,0.55,B,
34624218,10.1016/j.ccell.2021.09.003,PMC8578451,Three subtypes of lung cancer fibroblasts define distinct therapeutic paradigms.,Hu,Engelman,Cancer cell,Cancer Cell,2021,11,39,11,1531-1547.e10,0,0,pubmed,False,False,theme_01,theme_01,0.55,B,
35440132,10.1038/s41467-022-29517-9,PMC9018864,Heterogeneity of neuroendocrine transcriptional states in metastatic small cell lung cancers and patient-derived models.,Lissa,Thomas,Nature communications,Nat Commun,2022,4,13,1,2023,0,0,pubmed,False,False,theme_01; theme_03,theme_01,0.55,B,
36639452,10.1038/s41571-022-00718-x,,At the crossroads of immunotherapy for oncogene-addicted subsets of NSCLC.,Otano,Paz-Ares,Nature reviews. Clinical oncology,Nat Rev Clin Oncol,2023,3,20,3,143-159,0,0,pubmed,False,False,theme_01; theme_09,theme_01,0.55,B,
36835536,10.3390/ijms24044126,PMC9964908,Unraveling the Impact of Intratumoral Heterogeneity on EGFR Tyrosine Kinase Inhibitor Resistance in EGFR-Mutated NSCLC.,Kobayashi,Tan,International journal of molecular sciences,Int J Mol Sci,2023,2,24,4,,0,0,pubmed,False,False,theme_01,theme_01,0.55,B,
40386726,10.21037/tlcr-24-755,PMC12082233,Molecular heterogeneity of small cell lung cancer and new therapeutic possibilities: a narrative review of the literature.,Cognigni,Tiseo,Translational lung cancer research,Transl Lung Cancer Res,2025,4,14,4,1441-1455,0,0,pubmed,False,False,theme_01,theme_01,0.55,B,
41659723,10.3389/fonc.2026.1717432,PMC12872532,Brain metastases from non-small cell lung cancer: molecular subtypes and emerging CNS-directed precision therapies.,Sharma,Wallace,Frontiers in oncology,Front Oncol,2026,0,16,,1717432,0,0,pubmed,False,False,theme_01; theme_06; theme_07; theme_09,theme_01,0.55,B,
37509231,10.3390/cancers15143568,PMC10377352,Molecular Subtypes and Tumor Microenvironment Characteristics of Small-Cell Lung Cancer Associated with Platinum-Resistance.,Kim,Han,Cancers,Cancers (Basel),2023,7,15,14,,9,0,pubmed,False,False,theme_01; theme_03,theme_01,0.55,B,
29132144,10.1038/nature24473,PMC6137806,A neoantigen fitness model predicts tumour response to checkpoint blockade immunotherapy.,Łuksza,Greenbaum,Nature,Nature,2017,11,551,7681,517-520,0,0,pubmed,False,False,theme_01; theme_09,theme_09,0.55,B,
29272335,10.1093/bib/bbx167,,Multi-omics integration-a comparison of unsupervised clustering methodologies.,Tini,Scott-Boyer,Briefings in bioinformatics,Brief Bioinform,2019,7,20,4,1269-1279,0,0,pubmed,False,False,theme_02,theme_02,0.55,B,
37568797,10.3390/cancers15153981,PMC10417369,"Deep Learning for Lung Cancer Diagnosis, Prognosis and Prediction Using Histological and Cytological Images: A Systematic Review.",Davri,Batistatou,Cancers,Cancers (Basel),2023,8,15,15,,0,0,pubmed,False,False,theme_04,theme_04,0.55,B,
39838503,10.1186/s40644-024-00818-0,PMC11752626,Comparative analysis of deep learning and radiomic signatures for overall survival prediction in recurrent high-grade glioma treated with immunotherapy.,Wan,Qin,Cancer imaging : the official publication of the International Cancer Imaging Society,Cancer Imaging,2025,1,25,1,5,0,0,pubmed,False,False,theme_04,theme_04,0.55,B,
29657128,10.1016/j.ccell.2018.03.018,PMC5953836,Genomic Features of Response to Combination Immunotherapy in Patients with Advanced Non-Small-Cell Lung Cancer.,Hellmann,Wolchok,Cancer cell,Cancer Cell,2018,5,33,5,843-852.e4,0,0,pubmed,False,False,theme_09,theme_09,0.55,B,
30560866,10.1038/s41467-018-07767-w,PMC6299138,Local mutational diversity drives intratumoral immune heterogeneity in non-small cell lung cancer.,Jia,Zhu,Nature communications,Nat Commun,2018,12,9,1,5361,0,0,pubmed,False,False,theme_09,theme_09,0.55,B,
31021392,10.1001/jamaoncol.2019.0402,PMC6487908,Association of Checkpoint Inhibitor-Induced Toxic Effects With Shared Cancer and Tissue Antigens in Non-Small Cell Lung Cancer.,Berner,Flatz,JAMA oncology,JAMA Oncol,2019,7,5,7,1043-1047,0,0,pubmed,False,False,theme_09,theme_09,0.55,B,
31700181,10.1038/s41591-019-0639-4,PMC7938381,Evolutionary divergence of HLA class I genotype impacts efficacy of cancer immunotherapy.,Chowell,Chan,Nature medicine,Nat Med,2019,11,25,11,1715-1720,0,0,pubmed,False,False,theme_09,theme_09,0.55,B,
35422531,10.1038/s41591-022-01754-x,PMC9117143,Blood-based tumor mutational burden as a biomarker for atezolizumab in non-small cell lung cancer: the phase 2 B-F1RST trial.,Kim,Socinski,Nature medicine,Nat Med,2022,5,28,5,939-945,0,0,pubmed,False,False,theme_09,theme_09,0.55,B,
35831288,10.1038/s41467-022-31769-4,PMC9279502,Integration of tumor extrinsic and intrinsic features associates with immunotherapy response in non-small cell lung cancer.,Lau,Khan,Nature communications,Nat Commun,2022,7,13,1,4053,0,0,pubmed,False,False,theme_09,theme_09,0.55,B,
36776840,10.3389/fimmu.2023.1121557,PMC9911663,Immunotherapy with immune checkpoint inhibitors and predictive biomarkers in malignant mesothelioma: Work still in progress.,Perrino,Zucali,Frontiers in immunology,Front Immunol,2023,0,14,,1121557,0,0,pubmed,False,False,theme_09,theme_09,0.55,B,
36845142,10.3389/fimmu.2023.1127071,PMC9944349,Mechanisms of drug resistance to immune checkpoint inhibitors in non-small cell lung cancer.,Zhou,Cheng,Frontiers in immunology,Front Immunol,2023,0,14,,1127071,0,0,pubmed,False,False,theme_09,theme_09,0.55,B,
37328642,10.1038/s41571-023-00789-4,,Antigen presentation in cancer - mechanisms and clinical implications for immunotherapy.,Yang,Chan,Nature reviews. Clinical oncology,Nat Rev Clin Oncol,2023,9,20,9,604-623,0,0,pubmed,False,False,theme_09,theme_09,0.55,B,
41254689,10.1186/s12967-025-07084-z,PMC12625643,Neutrophils in non-small cell lung cancer and immunotherapy with PD-1/PD-L1 inhibitors.,Hu,Sun,Journal of translational medicine,J Transl Med,2025,11,23,1,1313,0,0,pubmed,False,False,theme_09; theme_12,theme_09,0.55,B,
35444951,10.3389/fonc.2022.860563,PMC9013831,TP53 Co-Mutations in Advanced EGFR-Mutated Non-Small Cell Lung Cancer: Prognosis and Therapeutic Strategy for Cancer Therapy.,Liu,Liu,Frontiers in oncology,Front Oncol,2022,0,12,,860563,0,0,pubmed,False,False,theme_01,theme_01,0.54,B,
38821942,10.1038/s41467-024-47547-3,PMC11143323,Representation of genomic intratumor heterogeneity in multi-region non-small cell lung cancer patient-derived xenograft models.,Hynds,Swanton,Nature communications,Nat Commun,2024,5,15,1,4653,0,0,pubmed,False,False,theme_01,theme_01,0.54,B,
39406916,10.1038/s43018-024-00840-y,PMC11584400,Developmental mosaicism underlying EGFR-mutant lung cancer presenting with multiple primary tumors.,Burr,Haber,Nature cancer,Nat Cancer,2024,11,5,11,1681-1696,0,0,pubmed,False,False,theme_01,theme_01,0.54,B,
40830141,10.1038/s41467-025-63091-0,PMC12365225,Integrated molecular and clinical characterization of pulmonary large cell neuroendocrine carcinoma.,Nassar,Chiang,Nature communications,Nat Commun,2025,8,16,1,7717,0,0,pubmed,False,False,theme_01; theme_03; theme_09,theme_01,0.54,B,
40927719,10.3389/fimmu.2025.1649445,PMC12414981,"Integrative profiling of lung cancer biomarkers EGFR, ALK, KRAS, and PD-1 with emphasis on nanomaterials-assisted immunomodulation and targeted therapy.",Peng,Hong,Frontiers in immunology,Front Immunol,2025,0,16,,1649445,0,0,pubmed,False,False,theme_01; theme_07; theme_10,theme_01,0.54,B,
41306958,10.3389/fimmu.2025.1684089,PMC12645222,Efficacy and prognostic analysis of chemo-immunotherapy after TKI resistance in EGFR-mutant non-small cell lung cancer with TP53 or KRAS co-mutations.,Nie,Hui,Frontiers in immunology,Front Immunol,2025,0,16,,1684089,0,0,pubmed,False,False,theme_01; theme_05,theme_01,0.54,B,
41430258,10.1186/s12967-025-07540-w,PMC12836998,Clinicopathologic features and therapeutic outcomes in EGFR/ALK-aberrations NSCLC with histologic transformation.,Ding,Xu,Journal of translational medicine,J Transl Med,2025,12,24,1,106,0,0,pubmed,False,False,theme_01,theme_01,0.54,B,
41659270,10.21037/tlcr-2025-1043,PMC12877865,A CT imaging-based deep learning model for predicting EGFR and KRAS mutations in non-small cell lung cancer: toward personalized treatment approaches.,Li,Song,Translational lung cancer research,Transl Lung Cancer Res,2026,1,15,1,4,0,0,pubmed,False,False,theme_01; theme_04; theme_05,theme_01,0.54,B,
41982701,10.21037/tlcr-2025-1-1354,PMC13071744,Molecular and clinical disparity of EGFR-mutant non-small cell lung cancer (NSCLC) based on histopathological stage and EGFR molecular subtypes.,Yoon,Choi,Translational lung cancer research,Transl Lung Cancer Res,2026,3,15,3,50,0,0,pubmed,False,False,theme_01; theme_10,theme_01,0.54,B,
38605064,10.1038/s41467-024-47512-0,PMC11009351,"Enhancing NSCLC recurrence prediction with PET/CT habitat imaging, ctDNA, and integrative radiogenomics-blood insights.",Sujit,Wu,Nature communications,Nat Commun,2024,4,15,1,3152,0,0,pubmed,False,False,theme_01; theme_04,theme_04,0.54,B,
40817267,10.1038/s41467-025-62911-7,PMC12356960,Respiration defects limit serine synthesis required for lung cancer growth and survival.,Cararo Lopes,White,Nature communications,Nat Commun,2025,8,16,1,7621,0,0,pubmed,False,False,theme_01; theme_03,theme_03,0.54,B,
41205598,10.1016/j.cell.2025.10.020,,Longitudinal ultrasensitive ctDNA monitoring for high-resolution lung cancer risk prediction.,Black,Swanton,Cell,Cell,2025,12,188,25,7083-7098.e18,0,0,pubmed,False,False,theme_01; theme_10; theme_12,theme_12,0.54,B,
41491099,10.1038/s41591-025-04060-4,PMC12823406,AI-enabled virtual spatial proteomics from histopathology for interpretable biomarker discovery in lung cancer.,Li,Li,Nature medicine,Nat Med,2026,1,32,1,231-244,0,0,pubmed,False,False,theme_01; theme_04; theme_12,theme_12,0.54,B,
41367585,10.21037/tlcr-2025-620,PMC12683401,A public data-based molecular classification of small cell lung cancer by neuroactive signaling networks unveils distinct microenvironment landscapes and immunotherapy-related prognostic biomarkers.,Zhou,Liu,Translational lung cancer research,Transl Lung Cancer Res,2025,11,14,11,4983-4999,0,0,pubmed,False,False,theme_01; theme_03,theme_03,0.54,B,
39379704,10.1038/s41591-024-03286-y,PMC11750707,Prediction of brain metastasis development with DNA methylation signatures.,Zuccato,Zadeh,Nature medicine,Nat Med,2025,1,31,1,116-125,0,0,pubmed,False,False,theme_01; theme_03; theme_08,theme_08,0.54,B,
41367573,10.21037/tlcr-2025-921,PMC12683457,Immune checkpoint inhibitors have limited efficacy in SMARCA4-deficient non-small cell lung cancer.,Han,Sun,Translational lung cancer research,Transl Lung Cancer Res,2025,11,14,11,5000-5016,0,0,pubmed,False,False,theme_01; theme_09,theme_09,0.54,B,
37536935,10.1136/jitc-2023-007023,PMC10401220,Circulating immune cell dynamics as outcome predictors for immunotherapy in non-small cell lung cancer.,Marcos Rubio,Vermaelen,Journal for immunotherapy of cancer,J Immunother Cancer,2023,8,11,8,,0,0,pubmed,False,False,theme_01; theme_09,theme_09,0.54,B,
39731064,10.1186/s12885-024-13320-4,PMC11674357,Survival prediction of glioblastoma patients using machine learning and deep learning: a systematic review.,Poursaeed,Safaei,BMC cancer,BMC Cancer,2024,12,24,1,1581,0,0,pubmed,False,False,theme_01; theme_04,theme_04,0.54,B,
41950003,10.1016/j.celrep.2026.117235,,Integration of aged brain multi-omics reveals cross-system mechanisms underlying Alzheimer's disease heterogeneity.,Scheidemantel,Vialle,Cell reports,Cell Rep,2026,4,45,4,117235,0,0,pubmed,False,False,theme_02,theme_02,0.54,B,
37541244,10.1016/j.ccell.2023.07.005,PMC10957226,Mammalian SWI/SNF chromatin remodeling complexes promote tyrosine kinase inhibitor resistance in EGFR-mutant lung cancer.,de Miguel,Politi,Cancer cell,Cancer Cell,2023,8,41,8,1516-1534.e9,0,0,pubmed,False,False,theme_02; theme_08,theme_08,0.54,B,
34579788,10.1186/s13073-021-00968-x,PMC8477474,"Deep learning in cancer diagnosis, prognosis and treatment selection.",Tran,Waddell,Genome medicine,Genome Med,2021,9,13,1,152,0,0,pubmed,False,False,theme_02; theme_04,theme_04,0.54,B,
38486342,10.1186/s40644-024-00682-y,PMC10938723,Artificial intelligence-based MRI radiomics and radiogenomics in glioma.,Fan,Liao,Cancer imaging : the official publication of the International Cancer Imaging Society,Cancer Imaging,2024,3,24,1,36,0,0,pubmed,False,False,theme_04,theme_04,0.54,B,
38915397,10.3389/fimmu.2024.1383644,PMC11194635,Towards a survival risk prediction model for metastatic NSCLC patients on durvalumab using whole-lung CT radiomics.,Patwardhan,Reischl,Frontiers in immunology,Front Immunol,2024,0,15,,1383644,0,0,pubmed,False,False,theme_04,theme_04,0.54,B,
38939246,10.7759/cureus.61220,PMC11210434,Artificial Intelligence and Machine Learning in Predicting the Response to Immunotherapy in Non-small Cell Lung Carcinoma: A Systematic Review.,Sinha,Burhanuddin,Cureus,Cureus,2024,5,16,5,e61220,0,0,pubmed,False,False,theme_04,theme_04,0.54,B,
39779851,10.1038/s41586-024-08378-w,PMC12295649,A vision-language foundation model for precision oncology.,Xiang,Li,Nature,Nature,2025,2,638,8051,769-778,0,0,pubmed,False,False,theme_04,theme_04,0.54,B,
40366860,10.1093/bib/bbaf209,PMC12077396,"MMsurv: a multimodal multi-instance multi-cancer survival prediction model integrating pathological images, clinical information, and sequencing data.",Yang,Yang,Briefings in bioinformatics,Brief Bioinform,2025,5,26,3,,0,0,pubmed,False,False,theme_04,theme_04,0.54,B,
41381537,10.1038/s41467-025-67481-2,PMC12820318,scDrugMap: benchmarking large foundation models for drug response prediction.,Wang,Song,Nature communications,Nat Commun,2025,12,17,1,730,0,0,pubmed,False,False,theme_04,theme_04,0.54,B,
41809834,10.3389/fonc.2026.1770037,PMC12967959,"Development and validation of a pathomics-driven machine learning model for individualized prediction of neoadjuvant chemotherapy response and early recurrence in HR-positive, HER2-negative breast cancer.",Yue,Wang,Frontiers in oncology,Front Oncol,2026,0,16,,1770037,0,0,pubmed,False,False,theme_04,theme_04,0.54,B,
41387456,10.1038/s41467-025-66780-y,PMC12780107,Microbiome analysis of 940 lung cancers in never-smokers reveals lack of clinically relevant associations.,McElderry,Landi,Nature communications,Nat Commun,2025,12,17,1,192,0,0,pubmed,False,False,theme_06; theme_12,theme_12,0.54,B,
38614090,10.1016/j.immuni.2024.03.018,PMC11096031,Regulation of T helper cell differentiation by the interplay between histone modification and chromatin interaction.,Liu,Zhao,Immunity,Immunity,2024,5,57,5,987-1004.e5,0,0,pubmed,False,False,theme_08,theme_08,0.54,B,
27550819,10.1038/nrc.2016.97,PMC5543811,Engineered T cells: the promise and challenges of cancer immunotherapy.,Fesnak,Levine,Nature reviews. Cancer,Nat Rev Cancer,2016,8,16,9,566-81,0,0,pubmed,False,False,theme_09,theme_09,0.54,B,
29634945,10.1016/j.ccell.2018.03.015,PMC6529202,"The Influence of the Gut Microbiome on Cancer, Immunity, and Cancer Immunotherapy.",Gopalakrishnan,Wargo,Cancer cell,Cancer Cell,2018,4,33,4,570-580,0,0,pubmed,False,False,theme_09,theme_09,0.54,B,
39238637,10.3389/fimmu.2024.1444007,PMC11375292,AXL expression reflects tumor-immune cell dynamics impacting outcome in non-small cell lung cancer patients treated with immune checkpoint inhibitor monotherapy.,Rayford,Engelsen,Frontiers in immunology,Front Immunol,2024,0,15,,1444007,0,0,pubmed,False,False,theme_09; theme_12,theme_09,0.54,B,
40027868,10.2147/IJN.S505539,PMC11871910,Utilizing Nanoparticles to Overcome Anti-PD-1/PD-L1 Immunotherapy Resistance in Non-Small Cell Lung cancer: A Potential Strategy.,Ge,Wang,International journal of nanomedicine,Int J Nanomedicine,2025,0,20,,2371-2394,0,0,pubmed,False,False,theme_09; theme_10,theme_09,0.54,B,
40205198,10.1038/s41591-025-03650-6,PMC12283372,Autologous T cell therapy for PRAME+ advanced solid tumors in HLA-A*02+ patients: a phase 1 trial.,Wermke,Britten,Nature medicine,Nat Med,2025,7,31,7,2365-2374,0,0,pubmed,False,False,theme_09,theme_09,0.54,B,
40948837,10.21037/tlcr-2025-305,PMC12432681,STK11/KEAP1 co-mutations in SMARCA4-mutant advanced non-small cell lung cancer: genetic characteristics and impact on immunotherapy efficacy.,Dong,Jiang,Translational lung cancer research,Transl Lung Cancer Res,2025,8,14,8,3024-3041,0,0,pubmed,False,False,theme_09,theme_09,0.54,B,
10929712,10.1016/s0092-8674(00)00009-x,,"Identification of DIABLO, a mammalian protein that promotes apoptosis by binding to and antagonizing IAP proteins.",Verhagen,Vaux,Cell,Cell,2000,7,102,1,43-53,2494,105,pubmed,False,False,theme_02,theme_02,0.5398535274979704,B,
40563596,10.3390/cancers17121947,PMC12190249,The Genomic Landscape of Romanian Non-Small Cell Lung Cancer Patients: The Insights from Routine NGS Testing with the Oncomine Dx Target Panel at the PATHOS Molecular Pathology Laboratory.,Gaal,Fetica,Cancers,Cancers (Basel),2025,6,17,12,,1,0,pubmed,False,False,theme_01; theme_06,theme_01,0.5350514997831991,B,
21316603,10.1016/j.ccr.2010.12.021,,A functional role for tumor cell heterogeneity in a mouse model of small cell lung cancer.,Calbo,Berns,Cancer cell,Cancer Cell,2011,2,19,2,244-56,0,0,pubmed,False,False,theme_01,theme_01,0.53,B,
22941188,10.1038/ng.2396,PMC4915822,Integrative genome analyses identify key somatic driver mutations of small-cell lung cancer.,Peifer,Thomas,Nature genetics,Nat Genet,2012,10,44,10,1104-10,0,0,pubmed,False,False,theme_01; theme_03; theme_08,theme_01,0.53,B,
22980976,10.1016/j.cell.2012.08.024,PMC3656590,Genomic landscape of non-small cell lung cancer in smokers and never-smokers.,Govindan,Wilson,Cell,Cell,2012,9,150,6,1121-34,0,0,pubmed,False,False,theme_01; theme_06,theme_01,0.53,B,
25758528,10.1038/ncomms7377,PMC4357281,RB loss in resistant EGFR mutant lung adenocarcinomas that transform to small-cell lung cancer.,Niederst,Engelman,Nature communications,Nat Commun,2015,3,6,,6377,0,0,pubmed,False,False,theme_01,theme_01,0.53,B,
26282169,10.1158/0008-5472.CAN-15-0377,PMC4548796,Intratumoral Heterogeneity in EGFR-Mutant NSCLC Results in Divergent Resistance Mechanisms in Response to EGFR Tyrosine Kinase Inhibition.,Soucheray,Shimamura,Cancer research,Cancer Res,2015,10,75,20,4372-83,0,0,pubmed,False,False,theme_01,theme_01,0.53,B,
28089889,10.1016/j.ccell.2016.12.005,PMC5310991,MYC Drives Progression of Small Cell Lung Cancer to a Variant Neuroendocrine Subtype with Vulnerability to Aurora Kinase Inhibition.,Mollaoglu,Oliver,Cancer cell,Cancer Cell,2017,2,31,2,270-285,0,0,pubmed,False,False,theme_01; theme_03,theme_01,0.53,B,
29617665,10.1016/j.celrep.2018.03.077,PMC5916795,Molecular Characterization and Clinical Relevance of Metabolic Expression Subtypes in Human Cancers.,Peng,Liang,Cell reports,Cell Rep,2018,4,23,1,255-269.e4,0,0,pubmed,False,False,theme_01,theme_01,0.53,B,
30975627,10.1016/S1470-2045(19)30035-X,,"Erlotinib plus bevacizumab versus erlotinib alone in patients with EGFR-positive advanced non-squamous non-small-cell lung cancer (NEJ026): interim analysis of an open-label, randomised, multicentre, phase 3 trial.",Saito,Maemondo,The Lancet. Oncology,Lancet Oncol,2019,5,20,5,625-635,0,0,pubmed,False,False,theme_01,theme_01,0.53,B,
34526717,10.1038/s41586-021-03898-1,PMC8481125,Structure-based classification predicts drug response in EGFR-mutant NSCLC.,Robichaux,Heymach,Nature,Nature,2021,9,597,7878,732-737,0,0,pubmed,False,False,theme_01; theme_10; theme_11,theme_01,0.53,B,
35121965,10.1038/s43018-020-0046-2,,A biobank of small cell lung cancer CDX models elucidates inter- and intratumoral phenotypic heterogeneity.,Simpson,Dive,Nature cancer,Nat Cancer,2020,4,1,4,437-451,0,0,pubmed,False,False,theme_01,theme_01,0.53,B,
35820397,10.1016/j.ccell.2022.06.006,PMC9667883,"Poziotinib for EGFR exon 20-mutant NSCLC: Clinical efficacy, resistance mechanisms, and impact of insertion location on drug sensitivity.",Elamin,Heymach,Cancer cell,Cancer Cell,2022,7,40,7,754-767.e6,0,0,pubmed,False,False,theme_01,theme_01,0.53,B,
38673793,10.3390/ijms25084208,PMC11050005,Transitioning to a Personalized Approach in Molecularly Subtyped Small-Cell Lung Cancer (SCLC).,Grenda,Milanowski,International journal of molecular sciences,Int J Mol Sci,2024,4,25,8,,0,0,pubmed,False,False,theme_01; theme_09,theme_01,0.53,B,
39900969,10.1038/s41571-025-00986-3,PMC12077380,Hiding in plain sight: NUT carcinoma is an unrecognized subtype of squamous cell carcinoma of the lungs and head and neck.,Luo,French,Nature reviews. Clinical oncology,Nat Rev Clin Oncol,2025,4,22,4,292-306,0,0,pubmed,False,False,theme_01,theme_01,0.53,B,
41411619,10.1158/0008-5472.CAN-25-1483,PMC13055636,Small Cell Lung Cancer Classification: Unraveling Heterogeneity to Enable Personalized Treatments.,Boettiger,Dome,Cancer research,Cancer Res,2026,3,86,5,1101-1112,0,0,pubmed,False,False,theme_01; theme_02; theme_03; theme_08,theme_01,0.53,B,
39040095,10.3389/fimmu.2024.1416751,PMC11260734,A comprehensive meta-analysis of tissue resident memory T cells and their roles in shaping immune microenvironment and patient prognosis in non-small cell lung cancer.,Shen,Jiang,Frontiers in immunology,Front Immunol,2024,0,15,,1416751,0,0,pubmed,False,False,theme_01; theme_04; theme_09; theme_12,theme_09,0.53,B,
33822890,10.1093/bib/bbab048,,DeepDRK: a deep learning framework for drug repurposing through kernel-based multi-omics integration.,Wang,Wang,Briefings in bioinformatics,Brief Bioinform,2021,9,22,5,,0,0,pubmed,False,False,theme_02; theme_04; theme_11,theme_02,0.53,B,
36305456,10.1093/bib/bbac452,,GAE-LGA: integration of multi-omics data with graph autoencoders to identify lncRNA-PCG associations.,Gao,Shang,Briefings in bioinformatics,Brief Bioinform,2022,11,23,6,,0,0,pubmed,False,False,theme_02; theme_04,theme_02,0.53,B,
41841601,10.1093/bib/bbag123,PMC12993716,AI-driven computational methods and benchmarking for T-cell antigen identification.,Deng,Sun,Briefings in bioinformatics,Brief Bioinform,2026,3,27,2,,0,0,pubmed,False,False,theme_02,theme_02,0.53,B,
41902503,10.1093/bib/bbag131,PMC13032002,Toward next-generation machine learning and deep learning for spatial omics.,Zirem,Salzet,Briefings in bioinformatics,Brief Bioinform,2026,3,27,2,,0,0,pubmed,False,False,theme_02; theme_04,theme_04,0.53,B,
41986319,10.1038/s41467-026-71364-5,,Decoding immunotherapy response through computational modeling.,Li,Zhou,Nature communications,Nat Commun,2026,4,,,,0,0,pubmed,False,False,theme_02; theme_04,theme_04,0.53,B,
16083507,10.1186/1476-4598-4-29,PMC1208946,Artificial neural networks for diagnosis and survival prediction in colon cancer.,Ahmed,Ahmed,Molecular cancer,Mol Cancer,2005,8,4,,29,0,0,pubmed,False,False,theme_04,theme_04,0.53,B,
30120041,10.1016/S1470-2045(18)30413-3,,"A radiomics approach to assess tumour-infiltrating CD8 cells and response to anti-PD-1 or anti-PD-L1 immunotherapy: an imaging biomarker, retrospective multicohort study.",Sun,Ferté,The Lancet. Oncology,Lancet Oncol,2018,9,19,9,1180-1191,0,0,pubmed,False,False,theme_04,theme_04,0.53,B,
40598940,10.1158/0008-5472.CAN-24-3630,,"Artificial Intelligence-Driven Cancer Diagnostics: Enhancing Radiology and Pathology through Reproducibility, Explainability, and Multimodality.",Khosravi,Ho,Cancer research,Cancer Res,2025,7,85,13,2356-2367,0,0,pubmed,False,False,theme_04,theme_04,0.53,B,
17974992,10.1158/0008-5472.CAN-07-2607,PMC3581354,Aromatase expression predicts survival in women with early-stage non small cell lung cancer.,Mah,Goodglick,Cancer research,Cancer Res,2007,11,67,21,10484-90,0,0,pubmed,False,False,theme_05,theme_05,0.53,B,
25456362,10.1016/S1470-2045(14)70461-9,,"Dacomitinib as first-line treatment in patients with clinically or molecularly selected advanced non-small-cell lung cancer: a multicentre, open-label, phase 2 trial.",Jänne,Mok,The Lancet. Oncology,Lancet Oncol,2014,12,15,13,1433-1441,0,0,pubmed,False,False,theme_06,theme_06,0.53,B,
11879110,10.1001/jama.287.9.1132,PMC4037163,"Lung cancer, cardiopulmonary mortality, and long-term exposure to fine particulate air pollution.",Pope,Thurston,JAMA,JAMA,2002,3,287,9,1132-41,0,0,pubmed,False,False,theme_07,theme_07,0.53,B,
18488029,10.1038/ng.159,,Gene silencing in cancer by histone H3 lysine 27 trimethylation independent of promoter DNA methylation.,Kondo,Issa,Nature genetics,Nat Genet,2008,6,40,6,741-50,0,0,pubmed,False,False,theme_08,theme_08,0.53,B,
32243837,10.1016/j.ccell.2020.03.005,PMC7178078,KMT2D Deficiency Impairs Super-Enhancers to Confer a Glycolytic Vulnerability in Lung Cancer.,Alam,Lee,Cancer cell,Cancer Cell,2020,4,37,4,599-617.e7,0,0,pubmed,False,False,theme_08,theme_08,0.53,B,
35504910,10.1038/s41467-022-29792-6,PMC9065016,DNA methylation signature of chronic low-grade inflammation and its role in cardio-respiratory diseases.,Wielscher,Järvelin,Nature communications,Nat Commun,2022,5,13,1,2408,0,0,pubmed,False,False,theme_08,theme_08,0.53,B,
34416901,10.1186/s12943-021-01398-4,PMC8377850,N6-methyladenosine-modified circIGF2BP3 inhibits CD8+ T-cell responses to facilitate tumor immune evasion by promoting the deubiquitination of PD-L1 in non-small cell lung cancer.,Liu,Zhou,Molecular cancer,Mol Cancer,2021,8,20,1,105,0,0,pubmed,False,False,theme_08; theme_09,theme_09,0.53,B,
26321222,10.1016/j.ccell.2015.07.014,PMC4573903,IL-36γ Transforms the Tumor Microenvironment and Promotes Type 1 Lymphocyte-Mediated Antitumor Immune Responses.,Wang,Lu,Cancer cell,Cancer Cell,2015,9,28,3,296-306,0,0,pubmed,False,False,theme_09,theme_09,0.53,B,
29731394,10.1016/j.ccell.2018.04.001,PMC6750707,Tumor Mutational Burden and Efficacy of Nivolumab Monotherapy and in Combination with Ipilimumab in Small-Cell Lung Cancer.,Hellmann,Antonia,Cancer cell,Cancer Cell,2018,5,33,5,853-861.e4,0,0,pubmed,False,False,theme_09,theme_09,0.53,B,
32525513,10.1001/jamaoncol.2020.1634,PMC7290708,Clarification of Definitions of Hyperprogressive Disease During Immunotherapy for Non-Small Cell Lung Cancer.,Kas,Caramella,JAMA oncology,JAMA Oncol,2020,7,6,7,1039-1046,0,0,pubmed,False,False,theme_09,theme_09,0.53,B,
33257678,10.1038/s41467-020-19973-6,PMC7704643,CCL7 recruits cDC1 to promote antitumor immunity and facilitate checkpoint immunotherapy to non-small cell lung cancer.,Zhang,Zhong,Nature communications,Nat Commun,2020,11,11,1,6119,0,0,pubmed,False,False,theme_09,theme_09,0.53,B,
34608245,10.1038/s41379-021-00932-5,,Biomarkers of response to checkpoint inhibitors beyond PD-L1 in lung cancer.,Sholl,Sholl,"Modern pathology : an official journal of the United States and Canadian Academy of Pathology, Inc",Mod Pathol,2022,1,35,Suppl 1,66-74,0,0,pubmed,False,False,theme_09; theme_11,theme_09,0.53,B,
36085303,10.1038/s41467-022-32960-3,PMC9461447,CAR-T cell therapy-related cytokine release syndrome and therapeutic response is modulated by the gut microbiome in hematologic malignancies.,Hu,Huang,Nature communications,Nat Commun,2022,9,13,1,5313,0,0,pubmed,False,False,theme_09,theme_09,0.53,B,
38130725,10.3389/fimmu.2023.1332814,PMC10733439,Roles of tissue-resident immune cells in immunotherapy of non-small cell lung cancer.,Tang,Tang,Frontiers in immunology,Front Immunol,2023,0,14,,1332814,0,0,pubmed,False,False,theme_09,theme_09,0.53,B,
39840031,10.3389/fimmu.2024.1512683,PMC11747443,Understanding the role of the gut microbiome in solid tumor responses to immune checkpoint inhibitors for personalized therapeutic strategies: a review.,Lim,Nam,Frontiers in immunology,Front Immunol,2024,0,15,,1512683,0,0,pubmed,False,False,theme_09,theme_09,0.53,B,
40813911,10.1038/s41571-025-01061-7,,Treatment of NSCLC after chemoimmunotherapy - are we making headway?,Reck,Barlesi,Nature reviews. Clinical oncology,Nat Rev Clin Oncol,2025,11,22,11,806-830,0,0,pubmed,False,False,theme_09,theme_09,0.53,B,
10394308,10.2105/ajph.89.7.1009,PMC1508841,Occupational exposure to diesel exhaust and lung cancer: a meta-analysis.,Lipsett,Campleman,American journal of public health,Am J Public Health,1999,7,89,7,1009-17,241,15,pubmed,False,False,theme_07,theme_07,0.5291907682990216,B,
38188289,10.3389/fonc.2023.1308313,PMC10770233,Clinical and molecular profiling of EGFR-mutant lung adenocarcinomas transformation to small cell lung cancer during TKI treatment.,Chen,Jia,Frontiers in oncology,Front Oncol,2023,0,13,,1308313,8,0,pubmed,False,False,theme_01; theme_06; theme_10,theme_01,0.5277121254719662,B,
10519898,10.1056/NEJM199910143411606,,Racial differences in the treatment of early-stage lung cancer.,Bach,Begg,The New England journal of medicine,N Engl J Med,1999,10,341,16,1198-205,540,13,pubmed,False,False,theme_10,theme_10,0.5266598632553285,B,
11719467,,,Heterogeneous transforming growth factor (TGF)-beta unresponsiveness and loss of TGF-beta receptor type II expression caused by histone deacetylation in lung cancer cell lines.,Osada,Takahashi,Cancer research,Cancer Res,2001,11,61,22,8331-9,82,3,pubmed,False,False,theme_01; theme_08,theme_08,0.5259539046188038,B,
11242052,10.1038/35065125,,A conserved XIAP-interaction motif in caspase-9 and Smac/DIABLO regulates caspase activity and apoptosis.,Srinivasula,Alnemri,Nature,Nature,2001,3,410,6824,112-6,1068,41,pubmed,False,False,theme_02,theme_02,0.5214488852604389,B,
27511159,10.1016/S1470-2045(16)30123-1,,Novel therapeutic targets on the horizon for lung cancer.,Tan,Tan,The Lancet. Oncology,Lancet Oncol,2016,8,17,8,e347-e362,0,0,pubmed,False,False,theme_01,theme_01,0.52,B,
36928603,10.1038/s41588-023-01321-1,PMC10101853,Multiomic analysis of malignant pleural mesothelioma identifies molecular axes and specialized tumor profiles driving intertumor heterogeneity.,Mangiante,Fernandez-Cuesta,Nature genetics,Nat Genet,2023,4,55,4,607-618,0,0,pubmed,False,False,theme_01; theme_02; theme_03,theme_01,0.52,B,
37046096,10.1038/s41586-023-05783-5,PMC10115649,The evolution of lung cancer and impact of subclonal selection in TRACERx.,Frankell,Swanton,Nature,Nature,2023,4,616,7957,525-533,0,0,pubmed,False,False,theme_01; theme_06; theme_10,theme_01,0.52,B,
37244040,10.1016/j.lungcan.2023.107249,,The significance of co-mutations in EGFR-mutated non-small cell lung cancer: Optimizing the efficacy of targeted therapies?,Pezzuto,Hofman,"Lung cancer (Amsterdam, Netherlands)",Lung Cancer,2023,7,181,,107249,0,0,pubmed,False,False,theme_01,theme_01,0.52,B,
37799479,10.3389/fonc.2023.1237308,PMC10548834,"Lineage tracing for multiple lung cancer by spatiotemporal heterogeneity using a multi-omics analysis method integrating genomic, transcriptomic, and immune-related features.",Song,Hu,Frontiers in oncology,Front Oncol,2023,0,13,,1237308,0,0,pubmed,False,False,theme_01; theme_03,theme_01,0.52,B,
38375203,10.3389/fonc.2023.1288468,PMC10875041,The prognosis of TP53 and EGFR co-mutation in patients with advanced lung adenocarcinoma and intracranial metastasis treated with EGFR-TKIs.,Gu,Qiu,Frontiers in oncology,Front Oncol,2023,0,13,,1288468,0,0,pubmed,False,False,theme_01,theme_01,0.52,B,
38702301,10.1038/s41467-024-47423-0,PMC11068778,Focal adhesion kinase-YAP signaling axis drives drug-tolerant persister cells and residual disease in lung cancer.,Haderk,Bivona,Nature communications,Nat Commun,2024,5,15,1,3741,0,0,pubmed,False,False,theme_01; theme_12,theme_01,0.52,B,
38736486,10.21037/tlcr-23-800,PMC11082711,Molecular and immune characterization of Chinese early-stage non-squamous non-small cell lung cancer: a multi-omics cohort study.,Peng,Liang,Translational lung cancer research,Transl Lung Cancer Res,2024,4,13,4,763-784,0,0,pubmed,False,False,theme_01; theme_03; theme_04; theme_06,theme_01,0.52,B,
38937474,10.1038/s41467-024-49360-4,PMC11211478,Farnesyltransferase inhibition overcomes oncogene-addicted non-small cell lung cancer adaptive resistance to targeted therapies.,Figarol,Calvayrac,Nature communications,Nat Commun,2024,6,15,1,5345,0,0,pubmed,False,False,theme_01,theme_01,0.52,B,
39056802,10.3390/cells13141221,PMC11274496,KRAS Mutation Subtypes and Their Association with Other Driver Mutations in Oncogenic Pathways.,Mondal,Roychoudhury,Cells,Cells,2024,7,13,14,,0,0,pubmed,False,False,theme_01,theme_01,0.52,B,
39156705,10.3389/fonc.2024.1357583,PMC11327858,"TP53 co-mutations in advanced lung adenocarcinoma: comparative bioinformatic analyses suggest ambivalent character on overall survival alongside KRAS, STK11 and KEAP1 mutations.",Frille,von Laffert,Frontiers in oncology,Front Oncol,2024,0,14,,1357583,0,0,pubmed,False,False,theme_01,theme_01,0.52,B,
39514336,10.1158/0008-5472.CAN-24-1817,,Loss of CDKN2A Enhances the Efficacy of Immunotherapy in EGFR-Mutant Non-Small Cell Lung Cancer.,Wang,Wang,Cancer research,Cancer Res,2025,2,85,3,585-601,0,0,pubmed,False,False,theme_01; theme_09,theme_01,0.52,B,
40384936,10.3892/mco.2025.2857,PMC12082387,Molecular mechanisms and therapeutic strategies for small‑cell lung cancer transformation after TKI therapy in EGFR‑mutated lung adenocarcinoma (Review).,Zhang,Chen,Molecular and clinical oncology,Mol Clin Oncol,2025,7,23,1,62,0,0,pubmed,False,False,theme_01,theme_01,0.52,B,
40394004,10.1038/s41467-025-59923-8,PMC12092836,APOBEC affects tumor evolution and age at onset of lung cancer in smokers.,Zhang,Landi,Nature communications,Nat Commun,2025,5,16,1,4711,0,0,pubmed,False,False,theme_01; theme_03,theme_01,0.52,B,
40948762,10.3389/fimmu.2025.1652213,PMC12425899,Dissecting the immune evasion and therapeutic resistance mechanisms in EGFR/TP53 co-mutated non-small cell lung cancer: implications for targeted and immunotherapy strategies.,Shi,Tian,Frontiers in immunology,Front Immunol,2025,0,16,,1652213,0,0,pubmed,False,False,theme_01; theme_09; theme_12,theme_01,0.52,B,
41133008,10.21037/tlcr-2025-690,PMC12541837,TTF-1 and p40 co-expression defines a distinct subtype of non-small cell lung cancer with frequent TP53 mutations and FGFR pathway dysregulation.,Braun,Kordek,Translational lung cancer research,Transl Lung Cancer Res,2025,9,14,9,3988-4001,0,0,pubmed,False,False,theme_01,theme_01,0.52,B,
41331472,10.1186/s12943-025-02514-4,PMC12781381,"Multi-omic profiling provides insights into the heterogeneity, microenvironmental features, and biomarker landscape of small-cell lung cancer.",Xie,Fabbri,Molecular cancer,Mol Cancer,2025,12,25,1,6,0,0,pubmed,False,False,theme_01; theme_03; theme_12,theme_01,0.52,B,
41659257,10.21037/tlcr-2025-1030,PMC12877892,TP53 co-mutations are associated with elevated PD-L1 expression and high tumor mutational burden in non-small cell lung cancer: insights from comprehensive genomic profiling.,Yang,Li,Translational lung cancer research,Transl Lung Cancer Res,2026,1,15,1,10,0,0,pubmed,False,False,theme_01; theme_09,theme_01,0.52,B,
41675516,10.3389/fonc.2025.1727899,PMC12885994,"Triple-positive non-small cell lung cancer harboring EGFR mutation, ALK rearrangement, and high PD-L1 expression: a case report and literature review.",Mao,Liu,Frontiers in oncology,Front Oncol,2025,0,15,,1727899,0,0,pubmed,False,False,theme_01; theme_09,theme_01,0.52,B,
